title,company,loaction,link
Senior Web Developer,Omicron,"Orlando, FL",https://stackoverflow.com/jobs/339325/senior-web-developer-omicron
Front-End Developer (React/GraphQL),Apacio Ltd,"Theale, UK",https://stackoverflow.com/jobs/397853/front-end-developer-react-graphql-apacio-ltd
"Full Stack Developer - Java, ElasticSearch, GraphQL and ReactJS",Contrast Security,"Baltimore, MD",https://stackoverflow.com/jobs/390294/full-stack-developer-java-elasticsearch-contrast-security
Backend Software Engineer (Javascript) at a SASS Start-up in Berlin!,Contentful,"Berlin, Deutschland",https://stackoverflow.com/jobs/370712/backend-software-engineer-javascript-at-a-sass-contentful
"Lead Developer: Node, GraphQL, Web & Mobile Apps, Greenfield Products",Chalkboard,"Manchester, UK",https://stackoverflow.com/jobs/395743/lead-developer-node-graphql-web-mobile-apps-chalkboard
Senior Full-Stack Engineer (Multiple Locations),"Mastery Logistics Systems, Inc.","Chicago, IL",https://stackoverflow.com/jobs/373861/senior-full-stack-engineer-multiple-locations-mastery-logistics-systems
Senior Full Stack Software Engineer (m/f/d),Zeitgold,"Tel Aviv-Yafo, Israel",https://stackoverflow.com/jobs/303998/senior-full-stack-software-engineer-m-f-d-zeitgold
Enthusiastic developers for small informal software company,Black Cow Technology,"Oxford, UK",https://stackoverflow.com/jobs/119562/enthusiastic-developers-for-small-informal-black-cow-technology
Fullstack-utvecklare som vill digitalisera ICA Sveriges butiker,ICA Gruppen,"Solna, Sweden",https://stackoverflow.com/jobs/397289/fullstack-utvecklare-som-vill-digitalisera-ica-ica-gruppen
Full Stack Software Engineer - Cloud Management,Infiot,"San Jose, CA",https://stackoverflow.com/jobs/396326/full-stack-software-engineer-cloud-management-infiot
Senior Backend Engineer (Node.js),Point Card,"San Francisco, CA",https://stackoverflow.com/jobs/388661/senior-backend-engineer-nodejs-point-card
"Mid to Senior Software Engineer Web Technologies, Full-Stack",UFirst Group,"Zürich, Switzerland",https://stackoverflow.com/jobs/273538/mid-to-senior-software-engineer-web-technologies-ufirst-group
Full-Stack Engineer (Multiple Locations),"Mastery Logistics Systems, Inc.","Chicago, IL",https://stackoverflow.com/jobs/379283/full-stack-engineer-multiple-locations-mastery-logistics-systems
Back-End Developer (Python/Django),Apacio Ltd,"Theale, UK",https://stackoverflow.com/jobs/397855/back-end-developer-python-django-apacio-ltd
Backend Engineer – Core Engineering Team (f/m/d/),Receeve GmbH,"Hamburg, Germany",https://stackoverflow.com/jobs/351274/backend-engineer-core-engineering-team-f-m-d-receeve-gmbh
(100% Remote) Senior Ruby on Rails Engineer at Billing Extraction team,Toptal,No office location,https://stackoverflow.com/jobs/205157/100-remote-senior-ruby-on-rails-engineer-at-toptal
Senior JavaScript Developer,Cypress.io,"Atlanta, GA",https://stackoverflow.com/jobs/307194/senior-javascript-developer-cypressio
Python Software Engineer,Administrate,"Beirut, Lebanon",https://stackoverflow.com/jobs/371364/python-software-engineer-administrate
Senior Software Engineer - Web Monetization Ecosystem for Content Creators,Coil,"San Francisco, CA",https://stackoverflow.com/jobs/314723/senior-software-engineer-web-monetization-coil
GraphQL TypeScript API Engineer - Salary well above market rate,DeepCrawl,"London, UK",https://stackoverflow.com/jobs/346408/graphql-typescript-api-engineer-salary-well-deepcrawl
Senior Software Engineer (Fullstack),BUMP,"London, UK",https://stackoverflow.com/jobs/373213/senior-software-engineer-fullstack-bump
Backend & Frontend Software Engineers,Sinch,"Malmö, Sweden",https://stackoverflow.com/jobs/331253/backend-frontend-software-engineers-sinch
Fullstack Developer (m/f),Sclable Business Solutions GmbH,"Wien, Österreich",https://stackoverflow.com/jobs/396059/fullstack-developer-m-f-sclable-business-solutions
Frontend Engineer,Mox Bank,Hong Kong,https://stackoverflow.com/jobs/391161/frontend-engineer-mox-bank
Senior Backend Software Engineer,Underline,"San Francisco, CA",https://stackoverflow.com/jobs/391733/senior-backend-software-engineer-underline
Fullstack Developer (m/f),Sclable Business Solutions GmbH,"Wien, Österreich",https://stackoverflow.com/jobs/396059/fullstack-developer-m-f-sclable-business-solutions
Python Software Engineer,Administrate,"Beirut, Lebanon",https://stackoverflow.com/jobs/371364/python-software-engineer-administrate
SENIOR BACK-END ENGINEER,Ancient Gaming,No office location,https://stackoverflow.com/jobs/393524/senior-back-end-engineer-ancient-gaming
React Engineer | Native or Web | 100% Remote,G2i Inc,No office location,https://stackoverflow.com/jobs/229077/react-engineer-native-or-web-100-remote-g2i-inc
Senior Software Engineer (Front End Web),BUMP,"London, UK",https://stackoverflow.com/jobs/373215/senior-software-engineer-front-end-web-bump
Frontend Software Engineer (WebGL 3D WebApp) - 360 Documentation in Construction,bitstars GmbH - a HoloBuilder company,"Aachen, Germany",https://stackoverflow.com/jobs/313141/frontend-software-engineer-webgl-3d-webapp-bitstars-gmbh-a-holobuilder
Principal Software Engineer,Bulb Energy,"London, UK",https://stackoverflow.com/jobs/396264/principal-software-engineer-bulb-energy
Fullstack Engineer - JavaScript (m/f/d),FINEWAY,"Munich, Germany",https://stackoverflow.com/jobs/333805/fullstack-engineer-javascript-m-f-d-fineway
Senior JavaScript Developer Trainer,Kinsta,No office location,https://stackoverflow.com/jobs/396254/senior-javascript-developer-trainer-kinsta
Software Engineer,Administrate,"Edinburgh, UK",https://stackoverflow.com/jobs/369633/software-engineer-administrate
Senior Software Engineer Web Technologies (Javascript/React/PHP/Elixir),UFirst Group,"València, Spain",https://stackoverflow.com/jobs/290098/senior-software-engineer-web-technologies-ufirst-group
Senior Fullstack Developer (m/f/d) - Stage Curation,SPRING | Axel Springer,"Berlin, Deutschland",https://stackoverflow.com/jobs/360044/senior-fullstack-developer-m-f-d-stage-spring-axel-springer
Software Engineer - Full-stack -London,The Orchard,"London, UK",https://stackoverflow.com/jobs/371082/software-engineer-full-stack-london-the-orchard
Senior Front-End Engineer (React),Preply,"Kyiv, Ukraine",https://stackoverflow.com/jobs/360749/senior-front-end-engineer-react-preply
JavaScript Engineer,LeoVegas Mobile Gaming Group,"Stockholm, Sweden",https://stackoverflow.com/jobs/386114/javascript-engineer-leovegas-mobile-gaming-group
Backend Engineer – Scale Team (f/m/d/),Receeve GmbH,"Hamburg, Germany",https://stackoverflow.com/jobs/351278/backend-engineer-scale-team-f-m-d-receeve-gmbh
Mid-Level Back-End Engineer,Ruggable,"Gardena, CA",https://stackoverflow.com/jobs/372569/mid-level-back-end-engineer-ruggable
Senior React Web Developer,Royal Bank of Scotland,"Edinburgh, UK",https://stackoverflow.com/jobs/372331/senior-react-web-developer-royal-bank-of-scotland
JavaScript Engineer,Meru Health,"Helsingfors, Finland",https://stackoverflow.com/jobs/360868/javascript-engineer-meru-health
Lead Front End Developer,Altruist,"Los Angeles, CA",https://stackoverflow.com/jobs/395776/lead-front-end-developer-altruist
Software Architect - Database And Storage Infrastructure,Ockam,"San Francisco, CA",https://stackoverflow.com/jobs/371619/software-architect-database-and-storage-ockam
JavaScript Developer | React | Scale up | Help to shift from ownership to access,Huren.nl,"Utrecht, Netherlands",https://stackoverflow.com/jobs/299337/javascript-developer-react-scale-up-help-to-hurennl
Engineering Manager,Bulb Energy,"London, UK",https://stackoverflow.com/jobs/396263/engineering-manager-bulb-energy
Full stack software engineer,Ailo,"Melbourne, Australia",https://stackoverflow.com/jobs/372382/full-stack-software-engineer-ailo
(Junior) Team Lead Backend Development (m|w|x),idealo internet GmbH,"Berlin, Deutschland",https://stackoverflow.com/jobs/395716/junior-team-lead-backend-development-m-w-x-idealo-internet-gmbh
Senior Developer (m/f/d),EverEstate GmbH,"Berlin, Deutschland",https://stackoverflow.com/jobs/394267/senior-developer-m-f-d-everestate-gmbh
Node Engineer,"Yum! Brands, Inc.","Plano, TX",https://stackoverflow.com/jobs/360848/node-engineer-yum-brands-inc
"Senior Web Engineer, Fullstack",Homer,No office location,https://stackoverflow.com/jobs/392984/senior-web-engineer-fullstack-homer
(Junior) Team Lead Backend Development (m|w|x),idealo internet GmbH,"Berlin, Deutschland",https://stackoverflow.com/jobs/395716/junior-team-lead-backend-development-m-w-x-idealo-internet-gmbh
Full Stack Engineer (m/f/d),ToolTime GmbH,"Berlin, Germany",https://stackoverflow.com/jobs/340981/full-stack-engineer-m-f-d-tooltime-gmbh
Senior Frontend Engineer,"Shogun Labs, Inc",No office location,https://stackoverflow.com/jobs/360336/senior-frontend-engineer-shogun-labs-inc
Mobile App Developer iOS (m/f/x),Lyke GmbH,"Hannover, Deutschland",https://stackoverflow.com/jobs/290525/mobile-app-developer-ios-m-f-x-lyke-gmbh
Senior React/Typescript/Frontend engineer,MoveGB,"Bath, UK",https://stackoverflow.com/jobs/367693/senior-react-typescript-frontend-engineer-movegb
Vue JavaScript Developer,Nacelle,No office location,https://stackoverflow.com/jobs/395510/vue-javascript-developer-nacelle
Node Engineer,"Yum! Brands, Inc.","Chicago, IL",https://stackoverflow.com/jobs/314051/node-engineer-yum-brands-inc
Senior Frontend Developer,Hilti - Digital Platforms,"Boulogne-Billancourt, France",https://stackoverflow.com/jobs/287141/senior-frontend-developer-hilti-digital-platforms
Frontend developer,Countfire,"London, UK",https://stackoverflow.com/jobs/350835/frontend-developer-countfire
Software Deconstruction Engineer aka. Infosec Consultant,Carve Systems,No office location,https://stackoverflow.com/jobs/268907/software-deconstruction-engineer-aka-infosec-carve-systems
Senior API Developer,CrossBraining,"Jackson, MI",https://stackoverflow.com/jobs/378486/senior-api-developer-crossbraining
Frontend Engineer,iKhokha,"Durban, South Africa",https://stackoverflow.com/jobs/302973/frontend-engineer-ikhokha
Frontend Team Lead (Amsterdam or Kyiv),Neocles,"Amsterdam, Netherlands",https://stackoverflow.com/jobs/371094/frontend-team-lead-amsterdam-or-kyiv-neocles
Senior Ruby Developer,Mavenlink,"San Francisco, CA",https://stackoverflow.com/jobs/282059/senior-ruby-developer-mavenlink
Full Stack Nuxt JS Developer,Nacelle,No office location,https://stackoverflow.com/jobs/384138/full-stack-nuxt-js-developer-nacelle
Software Engineer Java Backend (m/w/d),M-Way Solutions GmbH,"Stuttgart, Deutschland",https://stackoverflow.com/jobs/361335/software-engineer-java-backend-m-w-d-m-way-solutions-gmbh
(Senior) Backend Engineer - @Berlin-based Fintech Company,Elinvar GmbH,"Berlin, Germany",https://stackoverflow.com/jobs/204651/senior-backend-engineer-berlin-based-fintech-elinvar-gmbh
Backend Developer,Sofía,"Mexico City, Mexico",https://stackoverflow.com/jobs/255373/backend-developer-sof%C3%ADa
Lead Software Engineer - @Berlin-based Fintech Company,Elinvar GmbH,"Berlin, Germany",https://stackoverflow.com/jobs/390692/lead-software-engineer-berlin-based-fintech-elinvar-gmbh
"Senior Backend Developer (Node, Event-Driven)",Nacelle,No office location,https://stackoverflow.com/jobs/395509/senior-backend-developer-node-event-driven-nacelle
Sr. Software Engineer (SCALA),C2FO,"Leawood, KS",https://stackoverflow.com/jobs/391987/sr-software-engineer-scala-c2fo
Senior Full Stack Developer with Backend Focus (startup),Anyfin AB,"Stockholm, Sweden",https://stackoverflow.com/jobs/273587/senior-full-stack-developer-with-backend-focus-anyfin-ab
Frontend Developer - React & Redux,Hero Gaming,"Malmö, Sweden",https://stackoverflow.com/jobs/396060/frontend-developer-react-redux-hero-gaming
Front-End Developer,Alohi,"Plan-les-Ouates, Switzerland",https://stackoverflow.com/jobs/393274/front-end-developer-alohi
"Software Engineer Mobile (Angular, Ionic, Flutter, m/w/d)",M-Way Solutions GmbH,"Stuttgart, Deutschland",https://stackoverflow.com/jobs/361319/software-engineer-mobile-angular-ionic-flutter-m-way-solutions-gmbh
Software Engineer,Homee,"Cincinnati, OH",https://stackoverflow.com/jobs/361272/software-engineer-homee
Software Research Engineer at GitStart Limited.,GitStart,Hong Kong,https://stackoverflow.com/jobs/364755/software-research-engineer-at-gitstart-limited-gitstart
Senior Frontend Engineer – React.js (m/f/div),Elinvar GmbH,"Berlin, Germany",https://stackoverflow.com/jobs/204652/senior-frontend-engineer-reactjs-m-f-div-elinvar-gmbh
Software Research Engineer,GitStart,"Shenzhen, China",https://stackoverflow.com/jobs/372157/software-research-engineer-gitstart
Backend Software Engineer (Java&Kotlin) - 360 Documentation in Construction,bitstars GmbH - a HoloBuilder company,"Aachen, Germany",https://stackoverflow.com/jobs/313186/backend-software-engineer-java-kotlin-360-bitstars-gmbh-a-holobuilder
Software Engineer for Machine Learning SaaS,Formulate,"Stockholm, Sweden",https://stackoverflow.com/jobs/353710/software-engineer-for-machine-learning-saas-formulate
Software Developer (m/w/d) Fullstack Frontend Backend - Hamburg - #loveyourwork,Just Software AG,"Hamburg, Deutschland",https://stackoverflow.com/jobs/265437/software-developer-m-w-d-fullstack-frontend-just-software-ag
React Native Engineer - JavaScript / TypeScript (m/f/d),ProSiebenSat.1 Media SE,"München, Deutschland",https://stackoverflow.com/jobs/346399/react-native-engineer-javascript-typescript-prosiebensat1-media-se
Full Stack Software Engineer - Remote Working,Cognitivo Consulting,"Hyderabad, India",https://stackoverflow.com/jobs/397360/full-stack-software-engineer-remote-working-cognitivo-consulting
Senior Full Stack Software Engineer (React Python Flask),FineTune Learning,No office location,https://stackoverflow.com/jobs/270372/senior-full-stack-software-engineer-react-python-finetune-learning
Lead Software Engineer (m/w/d) Python/Javascript/Node.js,auteon GmbH,"München, Deutschland",https://stackoverflow.com/jobs/397316/lead-software-engineer-m-w-d-python-javascript-auteon-gmbh
Senior Backend Engineer TS,Chance,No office location,https://stackoverflow.com/jobs/397845/senior-backend-engineer-ts-chance
Fullstack Entwickler (m/w/d) für Webanwendungen,Das Büro am Draht GmbH,"Berlin, Deutschland",https://stackoverflow.com/jobs/328919/fullstack-entwickler-m-w-d-f%C3%BCr-webanwendungen-das-b%C3%BCro-am-draht-gmbh
Software Engineer Supplier Experience,C2FO,"Leawood, KS",https://stackoverflow.com/jobs/391984/software-engineer-supplier-experience-c2fo
Software Engineer,C2FO,"Leawood, KS",https://stackoverflow.com/jobs/391985/software-engineer-c2fo
Looking for Drupal Developer @ Chennai,Talent To Connect Solutions And Services,"Chennai, India",https://stackoverflow.com/jobs/396477/looking-for-drupal-developer-chennai-talent-to-connect-solutions
PHP / Node JS Developer,StockEdge,"Kolkata, India",https://stackoverflow.com/jobs/350252/php-node-js-developer-stockedge
Senior Frontend Developer Angular (m/w/d),teraone GmbH,"München, Germany",https://stackoverflow.com/jobs/393672/senior-frontend-developer-angular-m-w-d-teraone-gmbh
Développeur Front-end (H/F),Publicis Sapient Engineering,"Paris, France",https://stackoverflow.com/jobs/353625/d%C3%A9veloppeur-front-end-h-f-publicis-sapient-engineering
Senior Mobile Engineer,"Mastery Logistics Systems, Inc.","Omaha, NE",https://stackoverflow.com/jobs/374392/senior-mobile-engineer-mastery-logistics-systems
Senior Software Engineer (React) (m/f/d),MEDWING GmbH,"Berlin, Germany",https://stackoverflow.com/jobs/357885/senior-software-engineer-react-m-f-d-medwing-gmbh
Senior Software Engineer,Babylist,"Oakland, CA",https://stackoverflow.com/jobs/303084/senior-software-engineer-babylist
"Full Stack Developer: JavaScript, React | autonomy, flexibility | new team",Oscatelviatechfolk,"Bristol, UK",https://stackoverflow.com/jobs/364691/full-stack-developer-javascript-react-oscatel
Software Engineer (m/f/d),GEDANKENtanken GmbH,"Köln, Deutschland",https://stackoverflow.com/jobs/348292/software-engineer-m-f-d-gedankentanken-gmbh
React Developer - JavaScript / Node.js / React (m/f/d),ProSiebenSat.1 Media SE,"München, Deutschland",https://stackoverflow.com/jobs/388821/react-developer-javascript-nodejs-react-m-prosiebensat1-media-se
"Remote DevOps Engineer (Docker, AWS, Terraform)",FineTune Learning,No office location,https://stackoverflow.com/jobs/389541/remote-devops-engineer-docker-aws-terraform-finetune-learning
Full-stack Web Developer,VerifyMyAge,"London, UK",https://stackoverflow.com/jobs/398074/full-stack-web-developer-verifymyage
"Software Engineer (React, Pixi) -- remote option",Tenet3,"Dayton, OH",https://stackoverflow.com/jobs/286524/software-engineer-react-pixi-remote-option-tenet3
"Software Engineer (Frontend, Mobile Apps) (m/f/x)",Temedica GmbH,"München, Deutschland",https://stackoverflow.com/jobs/387149/software-engineer-frontend-mobile-apps-m-f-x-temedica-gmbh
Senior backend engineer in NestJS,ict2biz Ltd.,"San Gwann, Malta",https://stackoverflow.com/jobs/298759/senior-backend-engineer-in-nestjs-ict2biz-ltd
Senior Backend Developer interested in collaborative hardware development,Wikifactory,No office location,https://stackoverflow.com/jobs/389737/senior-backend-developer-interested-in-wikifactory
Developer Others,ITC Infotech India Ltd,"Bengaluru, India",https://stackoverflow.com/jobs/392269/developer-others-itc-infotech-india-ltd
Java Software Engineer (Java/ReactJS ),"JPMorgan Chase Bank, N.A.","Houston, TX",https://stackoverflow.com/jobs/398676/java-software-engineer-java-reactjs-jpmorgan-chase-bank-na
Node.js Backend Engineer (m/f/d) with excellent development prospects as CIO,HeyAMZ UG (haftungsbeschränkt),"Mannheim, Deutschland",https://stackoverflow.com/jobs/397057/nodejs-backend-engineer-m-f-d-with-excellent-heyamz-ug-haftungsbeschr%C3%A4nkt
Software Engineer,"JPMorgan Chase Bank, N.A.","Houston, TX",https://stackoverflow.com/jobs/398595/software-engineer-jpmorgan-chase-bank-na
Full-Stack Developer,White Rabbit Express,"Shinagawa City, Japan",https://stackoverflow.com/jobs/344126/full-stack-developer-white-rabbit-express
React Native Developer,Cogneesol BPO,"Sahibzada Ajit Singh Nagar, India",https://stackoverflow.com/jobs/322557/react-native-developer-cogneesol-bpo
Full Stack Software Engineer,iKhokha,"Durban, South Africa",https://stackoverflow.com/jobs/302216/full-stack-software-engineer-ikhokha
Senior Fullstack Engineer - AR Infrastructure,Mira Labs,"Los Angeles, CA",https://stackoverflow.com/jobs/372564/senior-fullstack-engineer-ar-infrastructure-mira-labs
Backend Engineer (m/f/d) JavaScript,GEDANKENtanken GmbH,"Köln, Deutschland",https://stackoverflow.com/jobs/348310/backend-engineer-m-f-d-javascript-gedankentanken-gmbh
Senior Software Engineer,"Cumulus Digital Systems, Inc.","Cambridge, MA",https://stackoverflow.com/jobs/294020/senior-software-engineer-cumulus-digital-systems-inc
Techlead / Senior Frontend React.js (m/f/x) Micro Frontends in Munich,"AVANTGARDE - ""Creating Fans""","München, Deutschland",https://stackoverflow.com/jobs/397501/techlead-senior-frontend-reactjs-m-f-x-micro-avantgarde-creating-fans
PHP-Node Backend Developer,Sinform,"Ahmedabad, India",https://stackoverflow.com/jobs/397935/php-node-backend-developer-sinform
Software Engineer* Java in a Fintech company (full time/part time),RatePAY GmbH,"Berlin, Deutschland",https://stackoverflow.com/jobs/279744/software-engineer-java-in-a-fintech-company-ratepay-gmbh
React Native Developer,Ultimate Property Holdings,"Hyderabad, India",https://stackoverflow.com/jobs/399007/react-native-developer-ultimate-property-holdings
Senior Frontend Developer (React.js),Mahisoft Inc,No office location,https://stackoverflow.com/jobs/295352/senior-frontend-developer-reactjs-mahisoft-inc
PHP Developer,Intecore Technologies,"Pune, India",https://stackoverflow.com/jobs/365725/php-developer-intecore-technologies
Full Stack Software Engineer (Captrix Project),"JPMorgan Chase Bank, N.A.","Houston, TX",https://stackoverflow.com/jobs/398186/full-stack-software-engineer-captrix-project-jpmorgan-chase-bank-na
Senior Frontend Developer (React.js),Mahisoft Inc,No office location,https://stackoverflow.com/jobs/295352/senior-frontend-developer-reactjs-mahisoft-inc
Senior Software Engineer (Elixir) (m/f/d),MEDWING GmbH,"Berlin, Germany",https://stackoverflow.com/jobs/357882/senior-software-engineer-elixir-m-f-d-medwing-gmbh
React Native Developer,Sublime Data Systems,"Ahmedabad, India",https://stackoverflow.com/jobs/393711/react-native-developer-sublime-data-systems
Full Stack Engineer (m/f/d) JavaScript,GEDANKENtanken GmbH,"Köln, Deutschland",https://stackoverflow.com/jobs/348303/full-stack-engineer-m-f-d-javascript-gedankentanken-gmbh
"Sr. Software Engineer, Activation",Quizlet,"San Francisco, CA",https://stackoverflow.com/jobs/362353/sr-software-engineer-activation-quizlet
PHP Developer,Intecore Technologies,"Pune, India",https://stackoverflow.com/jobs/365725/php-developer-intecore-technologies
"Senior React Developer, Software Engineering","JPMorgan Chase Bank, N.A.","Houston, TX",https://stackoverflow.com/jobs/398860/senior-react-developer-software-engineering-jpmorgan-chase-bank-na
Frontend Developer (m/w/d),Tchibo GmbH,"Hamburg, Deutschland",https://stackoverflow.com/jobs/333785/frontend-developer-m-w-d-tchibo-gmbh
"Software architect/Principal Engineer, Front End",Docler Holding,Luxembourg,https://stackoverflow.com/jobs/396584/software-architect-principal-engineer-front-end-docler-holding
"Senior .NET Developer 100%, m/w",SASIS AG,"Solothurn, Switzerland",https://stackoverflow.com/jobs/393604/senior-net-developer-100-m-w-sasis-ag
Senior Fullstack Developer (f/m/d),Greentube Internet Entertainment Solutions GmbH,"Wien, Austria",https://stackoverflow.com/jobs/383799/senior-fullstack-developer-f-m-d-greentube-internet
Frontend Engineer,Clearcover,"Chicago, IL",https://stackoverflow.com/jobs/392598/frontend-engineer-clearcover
Software Engineer (Ruby on Rails),Tivix,"Wrocław, Poland",https://stackoverflow.com/jobs/397311/software-engineer-ruby-on-rails-tivix
Staff Software Engineer,The Farmer's Dog,"New York, NY",https://stackoverflow.com/jobs/385394/staff-software-engineer-the-farmers-dog
Senior Lead Full Stack Engineer,J. Crew,"New York, NY",https://stackoverflow.com/jobs/293761/senior-lead-full-stack-engineer-j-crew
React Native Developer,Mobiloitte Technologies,"New Delhi, India",https://stackoverflow.com/jobs/384573/react-native-developer-mobiloitte-technologies
PHP-Node Backend Developer,Simform,"Ahmedabad, India",https://stackoverflow.com/jobs/385075/php-node-backend-developer-simform
(Junior) Android Engineer (m/f/x) remote anywhere in Germany or onsite,Scalable Capital GmbH,"München, Deutschland",https://stackoverflow.com/jobs/354381/junior-android-engineer-m-f-x-remote-anywhere-scalable-capital-gmbh
Software Engineer Manager,Sharp Notions LLC,"Fairport, NY",https://stackoverflow.com/jobs/371581/software-engineer-manager-sharp-notions-llc
Full-Stack Web Developer (w/m/d),pressrelations GmbH,"Düsseldorf, Deutschland",https://stackoverflow.com/jobs/366075/full-stack-web-developer-w-m-d-pressrelations-gmbh
Software Engineer - AngularJS,Shore Group Associates,"Hyderabad, India",https://stackoverflow.com/jobs/352812/software-engineer-angularjs-shore-group-associates
Senior Software Engineer,T-Mobile USA,"Atlanta, GA",https://stackoverflow.com/jobs/392595/senior-software-engineer-t-mobile-usa
Senior Software Engineer,C2FO,"Leawood, KS",https://stackoverflow.com/jobs/391986/senior-software-engineer-c2fo
"Frontend Developer interested in React, Vue or Svelte",5 Monkeys Agency AB,"Stockholm, Sweden",https://stackoverflow.com/jobs/350287/frontend-developer-interested-in-react-vue-or-5-monkeys-agency-ab
"Mobile Engineer, Android",Varo Money,"Salt Lake City, UT",https://stackoverflow.com/jobs/391738/mobile-engineer-android-varo-money
Full Stack Software Engineer (Captrix Project),"JPMorgan Chase Bank, N.A.","Houston, TX",https://stackoverflow.com/jobs/398186/full-stack-software-engineer-captrix-project-jpmorgan-chase-bank-na
Senior Software Engineer,T-Mobile USA,"Atlanta, GA",https://stackoverflow.com/jobs/392595/senior-software-engineer-t-mobile-usa
Full-Stack Web Developer (w/m/d),pressrelations GmbH,"Düsseldorf, Deutschland",https://stackoverflow.com/jobs/366075/full-stack-web-developer-w-m-d-pressrelations-gmbh
Frontend-Entwickler (m/w/d),Das Büro am Draht GmbH,"Berlin, Deutschland",https://stackoverflow.com/jobs/328929/frontend-entwickler-m-w-d-das-b%C3%BCro-am-draht-gmbh
"Frontend Developer interested in React, Vue or Svelte",5 Monkeys Agency AB,"Stockholm, Sweden",https://stackoverflow.com/jobs/350287/frontend-developer-interested-in-react-vue-or-5-monkeys-agency-ab
Node JS Developer,Hashtaag,"Bengaluru, India",https://stackoverflow.com/jobs/374684/node-js-developer-hashtaag
React Native Engineer (m/f/d),GEDANKENtanken GmbH,"Köln, Deutschland",https://stackoverflow.com/jobs/348295/react-native-engineer-m-f-d-gedankentanken-gmbh
Full-Stack Engineer,Fnatic,"London, UK",https://stackoverflow.com/jobs/377493/full-stack-engineer-fnatic
Java Entwickler (m/w/d),Das Büro am Draht GmbH,"Berlin, Deutschland",https://stackoverflow.com/jobs/328906/java-entwickler-m-w-d-das-b%C3%BCro-am-draht-gmbh
PHP – Laravel Developer – Backend,CareerXperts,"Bengaluru, India",https://stackoverflow.com/jobs/374674/php-laravel-developer-backend-careerxperts
React Native Developer,Quarec Resource Pvt Ltd,"Ahmedabad, India",https://stackoverflow.com/jobs/394810/react-native-developer-quarec-resource-pvt-ltd
"Lead Mobile Software Engineer, Flutter","Team Go, Inc","Portland, OR",https://stackoverflow.com/jobs/374852/lead-mobile-software-engineer-flutter-team-go-inc
Full Stack,Diverse Lynx India,"Bengaluru, India",https://stackoverflow.com/jobs/397699/full-stack-diverse-lynx-india
Frontend Engineer (m/f/d),GEDANKENtanken GmbH,"Köln, Deutschland",https://stackoverflow.com/jobs/348313/frontend-engineer-m-f-d-gedankentanken-gmbh
Backend Developer IoT (m/w/d),IOX GmbH,"Düsseldorf, Deutschland",https://stackoverflow.com/jobs/370146/backend-developer-iot-m-w-d-iox-gmbh
Engineering Team Lead,Sharp Notions LLC,"Fairport, NY",https://stackoverflow.com/jobs/366769/engineering-team-lead-sharp-notions-llc
アパレル・雑貨業界/フロントエンドエンジニア・BackendForFrontendEngineer,ランスタッド株式会社,"Koto City, Japan",https://stackoverflow.com/jobs/397966/%E3%82%A2%E3%83%91%E3%83%AC%E3%83%AB-%E9%9B%91%E8%B2%A8%E6%A5%AD%E7%95%8C-%E3%83%95%E3%83%AD%E3%83%B3%E3%83%88%E3%82%A8%E3%83%B3%E3%83%89%E3%82%A8%E3%83%B3%E3%82%B8%E3%83%8B%E3%82%A2-backendforfrontendengineer-%E3%83%A9%E3%83%B3%E3%82%B9%E3%82%BF%E3%83%83%E3%83%89%E6%A0%AA%E5%BC%8F%E4%BC%9A%E7%A4%BE
React JS Developer (Urgent),Codemaya,"Lucknow, India",https://stackoverflow.com/jobs/324844/react-js-developer-urgent-codemaya
Software Developer (IN-YC-FS),Yara,"Bengaluru, India",https://stackoverflow.com/jobs/392222/software-developer-in-yc-fs-yara
Python Software Engineer,"JPMorgan Chase Bank, N.A.","Plano, TX",https://stackoverflow.com/jobs/398449/python-software-engineer-jpmorgan-chase-bank-na
Architecte Front-End / React,Mirakl,"Paris, France",https://stackoverflow.com/jobs/387180/architecte-front-end-react-mirakl
Fullstack Cloud Entwickler,Paessler AG,"Nürnberg, Deutschland",https://stackoverflow.com/jobs/342133/fullstack-cloud-entwickler-paessler-ag
"Associate, Software Engineer - Cloud/Java","JPMorgan Chase Bank, N.A.","Columbus, OH",https://stackoverflow.com/jobs/398433/associate-software-engineer-cloud-java-jpmorgan-chase-bank-na
iOS / Android - Mobile developer,Haraj,"Riyadh, Saudi Arabia",https://stackoverflow.com/jobs/348828/ios-android-mobile-developer-haraj
Java Software Engineer,"JPMorgan Chase Bank, N.A.","Columbus, OH",https://stackoverflow.com/jobs/398751/java-software-engineer-jpmorgan-chase-bank-na
iOS / Android - Mobile developer,Haraj,"Riyadh, Saudi Arabia",https://stackoverflow.com/jobs/348828/ios-android-mobile-developer-haraj
Software Developer,Yara,"Bengaluru, India",https://stackoverflow.com/jobs/385353/software-developer-yara
Software Engineer - CCX Engineering,Salesforce,"Hyderabad, India",https://stackoverflow.com/jobs/364195/software-engineer-ccx-engineering-salesforce
Software Engineer (Ruby) (f/m/d),On Running,"Berlin, Germany",https://stackoverflow.com/jobs/334429/software-engineer-ruby-f-m-d-on-running
Software Engineer - Remote,"LIBERA, INC.",No office location,https://stackoverflow.com/jobs/366190/software-engineer-remote-libera-inc
Full Stack developer,Lobster Ink Technologies,"Amsterdam, Netherlands",https://stackoverflow.com/jobs/397532/full-stack-developer-lobster-ink-technologies
Senior Data Engineer,Civitech,"Austin, TX",https://stackoverflow.com/jobs/361676/senior-data-engineer-civitech
Lead Software Engineer (Go),PriceSpider,"Irvine, CA",https://stackoverflow.com/jobs/392607/lead-software-engineer-go-pricespider
Quality Engineer,Mox Bank,Hong Kong,https://stackoverflow.com/jobs/391164/quality-engineer-mox-bank
Full Stack Engineer,Simon Data,"New York, NY",https://stackoverflow.com/jobs/316155/full-stack-engineer-simon-data
Staff Front-End Engineer,Docler Holding,Luxembourg,https://stackoverflow.com/jobs/246029/staff-front-end-engineer-docler-holding
Full Stack Developer,TwoAtom Technologies LLP,"Coimbatore, India",https://stackoverflow.com/jobs/397376/full-stack-developer-twoatom-technologies-llp
Use your React skills to shape the future of housing,Home HT,"Berlin, Germany",https://stackoverflow.com/jobs/201057/use-your-react-skills-to-shape-the-future-of-home-ht
Développeuse / Développeur Full Stack (JavaScript) - Paris,Zenika,"Paris, France",https://stackoverflow.com/jobs/371046/d%C3%A9veloppeuse-d%C3%A9veloppeur-full-stack-zenika
"Senior Web Engineer - Backend Node.js, Typescript, PHP",Canva,"Sydney, Australia",https://stackoverflow.com/jobs/305234/senior-web-engineer-backend-nodejs-typescript-canva
AWS Java Developer,Ritwik Software,"Hyderabad, India",https://stackoverflow.com/jobs/373146/aws-java-developer-ritwik-software
Senior Frontend Developer (React/Angular/Node),Sytac IT Consulting,"Amsterdam, Netherlands",https://stackoverflow.com/jobs/142357/senior-frontend-developer-react-angular-node-sytac-it-consulting
Architecte de Solutions - Orienté Livraison,HaysviaHays plc,"Montreal, QC, Canada",https://stackoverflow.com/jobs/398165/architecte-de-solutions-orient%C3%A9-livraison-hays
Frontend Developer,Digital Media Solutions,"Miami, FL",https://stackoverflow.com/jobs/365634/frontend-developer-digital-media-solutions
"Site Reliability Engineer, Core Developer (Platform)",Preply,"Kyiv, Ukraine",https://stackoverflow.com/jobs/374739/site-reliability-engineer-core-developer-preply
Software Engineer (f/m/d),ToolTime GmbH,"Berlin, Germany",https://stackoverflow.com/jobs/347035/software-engineer-f-m-d-tooltime-gmbh
Front-End JavaScript developer.,vestr,"Lviv, Ukraine",https://stackoverflow.com/jobs/361930/front-end-javascript-developer-vestr
Senior GO Engineer,News UK,"London, UK",https://stackoverflow.com/jobs/277200/senior-go-engineer-news-uk
Senior Front-end Developer,"DNA Script, Inc.","South San Francisco, CA",https://stackoverflow.com/jobs/365470/senior-front-end-developer-dna-script-inc
Data Scientist - Analytics Engineer,"JPMorgan Chase Bank, N.A.","Jersey City, NJ",https://stackoverflow.com/jobs/398824/data-scientist-analytics-engineer-jpmorgan-chase-bank-na
福岡/サーバーサイドエンジニア / ソフトウェア/パッケージベンダ,株式会社 アイキューブドシステムズ,"Fukuoka, Japan",https://stackoverflow.com/jobs/375638/%E7%A6%8F%E5%B2%A1-%E3%82%B5%E3%83%BC%E3%83%90%E3%83%BC%E3%82%B5%E3%82%A4%E3%83%89%E3%82%A8%E3%83%B3%E3%82%B8%E3%83%8B%E3%82%A2-%E3%82%BD%E3%83%95%E3%83%88%E3%82%A6%E3%82%A7%E3%82%A2-%E3%83%91%E3%83%83%E3%82%B1%E3%83%BC%E3%82%B8%E3%83%99%E3%83%B3%E3%83%80-%E6%A0%AA%E5%BC%8F%E4%BC%9A%E7%A4%BE-%E3%82%A2%E3%82%A4%E3%82%AD%E3%83%A5%E3%83%BC%E3%83%96%E3%83%89%E3%82%B7%E3%82%B9%E3%83%86%E3%83%A0%E3%82%BA
Architecte de Solutions - Orienté Livraison,HaysviaHays plc,"Montreal, QC, Canada",https://stackoverflow.com/jobs/398165/architecte-de-solutions-orient%C3%A9-livraison-hays
Frontend Developer,Digital Media Solutions,"San Diego, CA",https://stackoverflow.com/jobs/365635/frontend-developer-digital-media-solutions
Java Software Engineer,"JPMorgan Chase Bank, N.A.","Columbus, OH",https://stackoverflow.com/jobs/398751/java-software-engineer-jpmorgan-chase-bank-na
"Senior UI Engineer, IoT Products",ServiceNow,"Hyderabad, India",https://stackoverflow.com/jobs/326704/senior-ui-engineer-iot-products-servicenow
Senior Python Developer,Flashpoint,"New York, NY",https://stackoverflow.com/jobs/291957/senior-python-developer-flashpoint
Principal Software Engineer,Citizens Bank,"Boston, MA",https://stackoverflow.com/jobs/374590/principal-software-engineer-citizens-bank
Software Engineer,T-Mobile,"Atlanta, GA",https://stackoverflow.com/jobs/393208/software-engineer-t-mobile
システムエンジニア,株式会社Argano,"Shibuya City, Japan",https://stackoverflow.com/jobs/395866/%E3%82%B7%E3%82%B9%E3%83%86%E3%83%A0%E3%82%A8%E3%83%B3%E3%82%B8%E3%83%8B%E3%82%A2-%E6%A0%AA%E5%BC%8F%E4%BC%9A%E7%A4%BEargano
Android Developer,Global Scale Solutions GmbH,"München, Deutschland",https://stackoverflow.com/jobs/287541/android-developer-global-scale-solutions-gmbh
Integration Developer,WPS Management GmbH,"Paderborn, Germany",https://stackoverflow.com/jobs/201499/integration-developer-wps-management-gmbh
Senior Fullstack Software Engineer,Quizlet,"Denver, CO",https://stackoverflow.com/jobs/362391/senior-fullstack-software-engineer-quizlet
Senior iOS developer (New App),Mindvalley,"Kuala Lumpur, Malaysia",https://stackoverflow.com/jobs/390881/senior-ios-developer-new-app-mindvalley
Staff Fullstack Software Engineer,Quizlet,"Denver, CO",https://stackoverflow.com/jobs/362368/staff-fullstack-software-engineer-quizlet
Back-End TypeScript developer,vestr,"Lviv, Ukraine",https://stackoverflow.com/jobs/361932/back-end-typescript-developer-vestr
エンジニア,株式会社Argano,"Shibuya City, Japan",https://stackoverflow.com/jobs/393064/%E3%82%A8%E3%83%B3%E3%82%B8%E3%83%8B%E3%82%A2-%E6%A0%AA%E5%BC%8F%E4%BC%9A%E7%A4%BEargano
Front-End Software Developer - [Remote] - [United States],Crisp,No office location,https://stackoverflow.com/jobs/384119/front-end-software-developer-remote-united-crisp
Mobile developer,Mobiquity Europe,"Amsterdam, Netherlands",https://stackoverflow.com/jobs/306585/mobile-developer-mobiquity-europe
Seniora utvecklare till enheten för innovation,Säkerhetspolisen,"Stockholm, Sweden",https://stackoverflow.com/jobs/373198/seniora-utvecklare-till-enheten-f%C3%B6r-innovation-s%C3%A4kerhetspolisen
Staff Fullstack Software Engineer,Quizlet,"San Francisco, CA",https://stackoverflow.com/jobs/362367/staff-fullstack-software-engineer-quizlet
Full Stack Developer – Python,Crediwatch,"Bengaluru, India",https://stackoverflow.com/jobs/380374/full-stack-developer-python-crediwatch
Software Engineer II (Node.js),The Farmer's Dog,"New York, NY",https://stackoverflow.com/jobs/152727/software-engineer-ii-nodejs-the-farmers-dog
Principal Software Engineer - Java Full Stack,f5,"Hyderabad, India",https://stackoverflow.com/jobs/397950/principal-software-engineer-java-full-stack-f5
iOS Software Engineer,iKhokha,"Durban, South Africa",https://stackoverflow.com/jobs/302199/ios-software-engineer-ikhokha
Data Scientist - Analytics Engineer,"JPMorgan Chase Bank, N.A.","Jersey City, NJ",https://stackoverflow.com/jobs/398824/data-scientist-analytics-engineer-jpmorgan-chase-bank-na
フロントエンドエンジニア(AngularJS 、React、Vue.js),MF KESSAI株式会社,"Chiyoda City, Japan",https://stackoverflow.com/jobs/338587/%E3%83%95%E3%83%AD%E3%83%B3%E3%83%88%E3%82%A8%E3%83%B3%E3%83%89%E3%82%A8%E3%83%B3%E3%82%B8%E3%83%8B%E3%82%A2-angularjs-react-vuejs-mf-kessai%E6%A0%AA%E5%BC%8F%E4%BC%9A%E7%A4%BE
"[직방] Back-End Developer (AWS, Node.js)",(주)직방,"Seocho-daero, South Korea",https://stackoverflow.com/jobs/274812/%EC%A7%81%EB%B0%A9-back-end-developer-aws-nodejs-%EC%A3%BC-%EC%A7%81%EB%B0%A9
React Native Developer,Togo Group,"Chicago, IL",https://stackoverflow.com/jobs/379278/react-native-developer-togo-group
Développeuse / Développeur Back-end (Java) - Paris,Zenika,"Paris, France",https://stackoverflow.com/jobs/371045/d%C3%A9veloppeuse-d%C3%A9veloppeur-back-end-java-paris-zenika
(Senior) Software Engineer / Software Architect (m/f/d),appliedAI @ UnternehmerTUM GmbH,"Garching bei München, Deutschland",https://stackoverflow.com/jobs/345961/senior-software-engineer-software-architect-appliedai-unternehmertum
Senior JavaScript Developer,Casumo,"Is-Swieqi, Malta",https://stackoverflow.com/jobs/145415/senior-javascript-developer-casumo
Principal Software Engineer,f5,"Hyderabad, India",https://stackoverflow.com/jobs/396766/principal-software-engineer-f5
"Software Engineer, DevOps",Happay,"Bengaluru, India",https://stackoverflow.com/jobs/338960/software-engineer-devops-happay
Startup Developer,"VNN, Inc.",No office location,https://stackoverflow.com/jobs/353972/startup-developer-vnn-inc
Full Stack Engineer/Developer/Tech Lead/Team Lead,Armentum,"Bengaluru, India",https://stackoverflow.com/jobs/395133/full-stack-engineer-developer-tech-lead-team-lead-armentum
Senior Native UI Android Mobile Engineer (Xamarin),"Ascensus, Inc.","Dresher, PA",https://stackoverflow.com/jobs/394314/senior-native-ui-android-mobile-engineer-xamarin-ascensus-inc
Java Engineer (m/f/x) remote anywhere in Germany or onsite,Scalable Capital GmbH,"München, Deutschland",https://stackoverflow.com/jobs/391438/java-engineer-m-f-x-remote-anywhere-in-germany-scalable-capital-gmbh
サーバーサイドエンジニア(Node.js),株式会社キャリアデザインITパートナーズ,"Chuo City, Japan",https://stackoverflow.com/jobs/364626/%E3%82%B5%E3%83%BC%E3%83%90%E3%83%BC%E3%82%B5%E3%82%A4%E3%83%89%E3%82%A8%E3%83%B3%E3%82%B8%E3%83%8B%E3%82%A2-nodejs-%E6%A0%AA%E5%BC%8F%E4%BC%9A%E7%A4%BE%E3%82%AD%E3%83%A3%E3%83%AA%E3%82%A2%E3%83%87%E3%82%B6%E3%82%A4%E3%83%B3it%E3%83%91%E3%83%BC%E3%83%88%E3%83%8A%E3%83%BC%E3%82%BA
218 「 次世代プラットフォーム開発プロジェクト フロントエ...,合同会社DMMGAMES,"Minato City, Japan",https://stackoverflow.com/jobs/398284/218-%E6%AC%A1%E4%B8%96%E4%BB%A3%E3%83%97%E3%83%A9%E3%83%83%E3%83%88%E3%83%95%E3%82%A9%E3%83%BC%E3%83%A0%E9%96%8B%E7%99%BA%E3%83%97%E3%83%AD%E3%82%B8%E3%82%A7%E3%82%AF%E3%83%88-%E3%83%95%E3%83%AD%E3%83%B3%E3%83%88%E3%82%A8-%E5%90%88%E5%90%8C%E4%BC%9A%E7%A4%BEdmmgames
データ/DB構築・開発エンジニア / その他サービス系,CCC マーケティング 株式会社,"Shibuya City, Japan",https://stackoverflow.com/jobs/310212/%E3%83%87%E3%83%BC%E3%82%BF-db%E6%A7%8B%E7%AF%89-%E9%96%8B%E7%99%BA%E3%82%A8%E3%83%B3%E3%82%B8%E3%83%8B%E3%82%A2-%E3%81%9D%E3%81%AE%E4%BB%96%E3%82%B5%E3%83%BC%E3%83%93%E3%82%B9%E7%B3%BB-ccc-%E3%83%9E%E3%83%BC%E3%82%B1%E3%83%86%E3%82%A3%E3%83%B3%E3%82%B0-%E6%A0%AA%E5%BC%8F%E4%BC%9A%E7%A4%BE
Data & Analytics,Daugherty Business Solutions,"Creve Coeur, MO",https://stackoverflow.com/jobs/382529/data-analytics-daugherty-business-solutions
Technical Lead Engineer,additiv AG,"Zürich, Switzerland",https://stackoverflow.com/jobs/351218/technical-lead-engineer-additiv-ag
Full-Stack Developer (All-Levels),Shareworks by Morgan Stanley,"Calgary, AB, Canada",https://stackoverflow.com/jobs/339247/full-stack-developer-all-levels-shareworks-by-morgan-stanley
Sr. Full-Stack Engineer / Developer / Tech Lead / Team Lead,Armentum,"Bengaluru, India",https://stackoverflow.com/jobs/397697/sr-full-stack-engineer-developer-tech-lead-armentum
Senior Java Developer,ReddySys,"Hyderabad, India",https://stackoverflow.com/jobs/373350/senior-java-developer-reddysys
Java Software Engineer,"JPMorgan Chase Bank, N.A.","Glasgow, UK",https://stackoverflow.com/jobs/398525/java-software-engineer-jpmorgan-chase-bank-na
ソフトウェアエンジニア(Backend)/ Go言語 / インターネット/Webサービス・ASP,MF KESSAI 株式会社,"Chiyoda City, Japan",https://stackoverflow.com/jobs/310177/%E3%82%BD%E3%83%95%E3%83%88%E3%82%A6%E3%82%A7%E3%82%A2%E3%82%A8%E3%83%B3%E3%82%B8%E3%83%8B%E3%82%A2-backend-go%E8%A8%80%E8%AA%9E-%E3%82%A4%E3%83%B3%E3%82%BF%E3%83%BC%E3%83%8D%E3%83%83%E3%83%88-web%E3%82%B5%E3%83%BC%E3%83%93%E3%82%B9-asp-mf-kessai-%E6%A0%AA%E5%BC%8F%E4%BC%9A%E7%A4%BE
Elixir Senior Softwareentwickler (m/w/d),AKRA GmbH,"Hamburg, Deutschland",https://stackoverflow.com/jobs/392756/elixir-senior-softwareentwickler-m-w-d-akra-gmbh
アパレル・雑貨業界/フロントエンドエンジニア・FrontendEngineer,ランスタッド株式会社,"Koto City, Japan",https://stackoverflow.com/jobs/338779/%E3%82%A2%E3%83%91%E3%83%AC%E3%83%AB-%E9%9B%91%E8%B2%A8%E6%A5%AD%E7%95%8C-%E3%83%95%E3%83%AD%E3%83%B3%E3%83%88%E3%82%A8%E3%83%B3%E3%83%89%E3%82%A8%E3%83%B3%E3%82%B8%E3%83%8B%E3%82%A2-frontendengineer-%E3%83%A9%E3%83%B3%E3%82%B9%E3%82%BF%E3%83%83%E3%83%89%E6%A0%AA%E5%BC%8F%E4%BC%9A%E7%A4%BE
Solutions Engineer - [Remote] - [United States],Crisp,No office location,https://stackoverflow.com/jobs/392596/solutions-engineer-remote-united-states-crisp
Back-end Developer (.Net),Grand Parade,"Kraków, Poland",https://stackoverflow.com/jobs/397518/back-end-developer-net-grand-parade
フロントエンドエンジニア,エムスリー株式会社,"Minato City, Japan",https://stackoverflow.com/jobs/309972/%E3%83%95%E3%83%AD%E3%83%B3%E3%83%88%E3%82%A8%E3%83%B3%E3%83%89%E3%82%A8%E3%83%B3%E3%82%B8%E3%83%8B%E3%82%A2-%E3%82%A8%E3%83%A0%E3%82%B9%E3%83%AA%E3%83%BC%E6%A0%AA%E5%BC%8F%E4%BC%9A%E7%A4%BE
アパレル・雑貨業界/フロントエンドエンジニア・FrontendEngineer,ランスタッド株式会社,"Koto City, Japan",https://stackoverflow.com/jobs/338779/%E3%82%A2%E3%83%91%E3%83%AC%E3%83%AB-%E9%9B%91%E8%B2%A8%E6%A5%AD%E7%95%8C-%E3%83%95%E3%83%AD%E3%83%B3%E3%83%88%E3%82%A8%E3%83%B3%E3%83%89%E3%82%A8%E3%83%B3%E3%82%B8%E3%83%8B%E3%82%A2-frontendengineer-%E3%83%A9%E3%83%B3%E3%82%B9%E3%82%BF%E3%83%83%E3%83%89%E6%A0%AA%E5%BC%8F%E4%BC%9A%E7%A4%BE
CCCMK_開発エンジニア(データエンハンス),カルチュア･コンビニエンス・クラブグループ,"Shibuya City, Japan",https://stackoverflow.com/jobs/310196/cccmk-%E9%96%8B%E7%99%BA%E3%82%A8%E3%83%B3%E3%82%B8%E3%83%8B%E3%82%A2-%E3%83%87%E3%83%BC%E3%82%BF%E3%82%A8%E3%83%B3%E3%83%8F%E3%83%B3%E3%82%B9-%E3%82%AB%E3%83%AB%E3%83%81%E3%83%A5%E3%82%A2-%E3%82%B3%E3%83%B3%E3%83%93%E3%83%8B%E3%82%A8%E3%83%B3%E3%82%B9-%E3%82%AF%E3%83%A9%E3%83%96%E3%82%B0%E3%83%AB%E3%83%BC%E3%83%97
Solution Architect,Citizens Bank,"Providence, RI",https://stackoverflow.com/jobs/391699/solution-architect-citizens-bank
Senior Cloud Software Engineer (Open Source),SAP,"Gliwice, Poland",https://stackoverflow.com/jobs/396273/senior-cloud-software-engineer-open-source-sap
プロダクトマネージャー,グロービス,"Chiyoda City, Japan",https://stackoverflow.com/jobs/359419/%E3%83%97%E3%83%AD%E3%83%80%E3%82%AF%E3%83%88%E3%83%9E%E3%83%8D%E3%83%BC%E3%82%B8%E3%83%A3%E3%83%BC-%E3%82%B0%E3%83%AD%E3%83%BC%E3%83%93%E3%82%B9
"Driven Systemutvecklare .NET Core, AWS, React - hemifrån på heltid",e-Avrop AB,"Stocksund, Sweden",https://stackoverflow.com/jobs/241685/driven-systemutvecklare-net-core-aws-react-e-avrop-ab
Senior Performance Engineer,"Bluebeam, Inc.","Pasadena, CA",https://stackoverflow.com/jobs/390773/senior-performance-engineer-bluebeam-inc
Senior / Lead / Principal / Architect Product Security Engineer,Salesforce,"San Francisco, CA",https://stackoverflow.com/jobs/339183/senior-lead-principal-architect-product-salesforce
Payments Platform Architect,Indeed,"Austin, TX",https://stackoverflow.com/jobs/390750/payments-platform-architect-indeed
Senior Web Developer,Portable,"Fitzroy, Australia",https://stackoverflow.com/jobs/366188/senior-web-developer-portable
Full Stack Developer,Lobster Ink Technologies,"Amsterdam, Netherlands",https://stackoverflow.com/jobs/290561/full-stack-developer-lobster-ink-technologies
.NET Core Developer,Lobster Ink Technologies,"Amsterdam, Netherlands",https://stackoverflow.com/jobs/368352/net-core-developer-lobster-ink-technologies
Mobile Application Developer (Ionic) : Remote (Global),Modus Create,No office location,https://stackoverflow.com/jobs/391439/mobile-application-developer-ionic-remote-modus-create
開発責任者候補(ジョブカン),株式会社Donuts,"Shibuya City, Japan",https://stackoverflow.com/jobs/309601/%E9%96%8B%E7%99%BA%E8%B2%AC%E4%BB%BB%E8%80%85%E5%80%99%E8%A3%9C-%E3%82%B8%E3%83%A7%E3%83%96%E3%82%AB%E3%83%B3-%E6%A0%AA%E5%BC%8F%E4%BC%9A%E7%A4%BEdonuts
システムエンジニア/プログラマ / システムインテグレータ・ソフトハウス,株式会社 フルマークス,"Chiyoda City, Japan",https://stackoverflow.com/jobs/318682/%E3%82%B7%E3%82%B9%E3%83%86%E3%83%A0%E3%82%A8%E3%83%B3%E3%82%B8%E3%83%8B%E3%82%A2-%E3%83%97%E3%83%AD%E3%82%B0%E3%83%A9%E3%83%9E-%E3%82%B7%E3%82%B9%E3%83%86%E3%83%A0%E3%82%A4%E3%83%B3%E3%83%86%E3%82%B0%E3%83%AC%E3%83%BC%E3%82%BF-%E3%82%BD%E3%83%95%E3%83%88%E3%83%8F%E3%82%A6%E3%82%B9-%E6%A0%AA%E5%BC%8F%E4%BC%9A%E7%A4%BE-%E3%83%95%E3%83%AB%E3%83%9E%E3%83%BC%E3%82%AF%E3%82%B9
Webアプリケーションエンジニア,株式会社オプティム,"Minato City, Japan",https://stackoverflow.com/jobs/310239/web%E3%82%A2%E3%83%97%E3%83%AA%E3%82%B1%E3%83%BC%E3%82%B7%E3%83%A7%E3%83%B3%E3%82%A8%E3%83%B3%E3%82%B8%E3%83%8B%E3%82%A2-%E6%A0%AA%E5%BC%8F%E4%BC%9A%E7%A4%BE%E3%82%AA%E3%83%97%E3%83%86%E3%82%A3%E3%83%A0
Associate Software Engineering Manager,"LIBERA, INC.",No office location,https://stackoverflow.com/jobs/377847/associate-software-engineering-manager-libera-inc
UI Developer,Anatta,"Bengaluru, India",https://stackoverflow.com/jobs/325355/ui-developer-anatta
Webアプリケーションエンジニア / その他IT/Web・通信・インターネット系,GMOペパボ 株式会社,"Shibuya City, Japan",https://stackoverflow.com/jobs/310157/web%E3%82%A2%E3%83%97%E3%83%AA%E3%82%B1%E3%83%BC%E3%82%B7%E3%83%A7%E3%83%B3%E3%82%A8%E3%83%B3%E3%82%B8%E3%83%8B%E3%82%A2-%E3%81%9D%E3%81%AE%E4%BB%96it-web-%E9%80%9A%E4%BF%A1-%E3%82%A4%E3%83%B3%E3%82%BF%E3%83%BC%E3%83%8D%E3%83%83%E3%83%88%E7%B3%BB-gmo%E3%83%9A%E3%83%91%E3%83%9C-%E6%A0%AA%E5%BC%8F%E4%BC%9A%E7%A4%BE
ソフトウェアエンジニア(新規事業開発),レバレジーズ株式会社,"Shibuya City, Japan",https://stackoverflow.com/jobs/393197/%E3%82%BD%E3%83%95%E3%83%88%E3%82%A6%E3%82%A7%E3%82%A2%E3%82%A8%E3%83%B3%E3%82%B8%E3%83%8B%E3%82%A2-%E6%96%B0%E8%A6%8F%E4%BA%8B%E6%A5%AD%E9%96%8B%E7%99%BA-%E3%83%AC%E3%83%90%E3%83%AC%E3%82%B8%E3%83%BC%E3%82%BA%E6%A0%AA%E5%BC%8F%E4%BC%9A%E7%A4%BE
建設SaaS「CAREECON」のサーバサイド(Ruby)エンジニア / ITコンサルティング,BRANU 株式会社,"Minato City, Japan",https://stackoverflow.com/jobs/336249/%E5%BB%BA%E8%A8%ADsaas-careecon-%E3%81%AE%E3%82%B5%E3%83%BC%E3%83%90%E3%82%B5%E3%82%A4%E3%83%89-ruby-%E3%82%A8%E3%83%B3%E3%82%B8%E3%83%8B%E3%82%A2-it%E3%82%B3%E3%83%B3%E3%82%B5%E3%83%AB%E3%83%86%E3%82%A3%E3%83%B3%E3%82%B0-branu-%E6%A0%AA%E5%BC%8F%E4%BC%9A%E7%A4%BE
エンジニアマネージャー / インターネット/Webサービス・ASP,Wantedly 株式会社,"Minato City, Japan",https://stackoverflow.com/jobs/310187/%E3%82%A8%E3%83%B3%E3%82%B8%E3%83%8B%E3%82%A2%E3%83%9E%E3%83%8D%E3%83%BC%E3%82%B8%E3%83%A3%E3%83%BC-%E3%82%A4%E3%83%B3%E3%82%BF%E3%83%BC%E3%83%8D%E3%83%83%E3%83%88-web%E3%82%B5%E3%83%BC%E3%83%93%E3%82%B9-asp-wantedly-%E6%A0%AA%E5%BC%8F%E4%BC%9A%E7%A4%BE
エンジニアマネージャー / インターネット/Webサービス・ASP,Wantedly 株式会社,"Minato City, Japan",https://stackoverflow.com/jobs/310187/%E3%82%A8%E3%83%B3%E3%82%B8%E3%83%8B%E3%82%A2%E3%83%9E%E3%83%8D%E3%83%BC%E3%82%B8%E3%83%A3%E3%83%BC-%E3%82%A4%E3%83%B3%E3%82%BF%E3%83%BC%E3%83%8D%E3%83%83%E3%83%88-web%E3%82%B5%E3%83%BC%E3%83%93%E3%82%B9-asp-wantedly-%E6%A0%AA%E5%BC%8F%E4%BC%9A%E7%A4%BE
Webアプリケーションエンジニア,GMOペパボ株式会社,"Fukuoka, Japan",https://stackoverflow.com/jobs/345646/web%E3%82%A2%E3%83%97%E3%83%AA%E3%82%B1%E3%83%BC%E3%82%B7%E3%83%A7%E3%83%B3%E3%82%A8%E3%83%B3%E3%82%B8%E3%83%8B%E3%82%A2-gmo%E3%83%9A%E3%83%91%E3%83%9C%E6%A0%AA%E5%BC%8F%E4%BC%9A%E7%A4%BE
新プロダクト開発マネージャー(課長職)新サービス立ち上げ/自社プロダクト,ソフトブレーン株式会社,"Chuo City, Japan",https://stackoverflow.com/jobs/354537/%E6%96%B0%E3%83%97%E3%83%AD%E3%83%80%E3%82%AF%E3%83%88%E9%96%8B%E7%99%BA%E3%83%9E%E3%83%8D%E3%83%BC%E3%82%B8%E3%83%A3%E3%83%BC-%E8%AA%B2%E9%95%B7%E8%81%B7-%E6%96%B0%E3%82%B5%E3%83%BC%E3%83%93%E3%82%B9%E7%AB%8B%E3%81%A1%E4%B8%8A%E3%81%92-%E8%87%AA%E7%A4%BE%E3%83%97%E3%83%AD%E3%83%80%E3%82%AF%E3%83%88-%E3%82%BD%E3%83%95%E3%83%88%E3%83%96%E3%83%AC%E3%83%BC%E3%83%B3%E6%A0%AA%E5%BC%8F%E4%BC%9A%E7%A4%BE
バックエンドエンジニア/インターネット/Webサービス・ASP,株式会社 スペースマーケット,"Shinjuku City, Japan",https://stackoverflow.com/jobs/376132/%E3%83%90%E3%83%83%E3%82%AF%E3%82%A8%E3%83%B3%E3%83%89%E3%82%A8%E3%83%B3%E3%82%B8%E3%83%8B%E3%82%A2-%E3%82%A4%E3%83%B3%E3%82%BF%E3%83%BC%E3%83%8D%E3%83%83%E3%83%88-web%E3%82%B5%E3%83%BC%E3%83%93%E3%82%B9-asp-%E6%A0%AA%E5%BC%8F%E4%BC%9A%E7%A4%BE-%E3%82%B9%E3%83%9A%E3%83%BC%E3%82%B9%E3%83%9E%E3%83%BC%E3%82%B1%E3%83%83%E3%83%88
シニアWebアプリケーションエンジニア,GMOペパボ株式会社,"Fukuoka, Japan",https://stackoverflow.com/jobs/345648/%E3%82%B7%E3%83%8B%E3%82%A2web%E3%82%A2%E3%83%97%E3%83%AA%E3%82%B1%E3%83%BC%E3%82%B7%E3%83%A7%E3%83%B3%E3%82%A8%E3%83%B3%E3%82%B8%E3%83%8B%E3%82%A2-gmo%E3%83%9A%E3%83%91%E3%83%9C%E6%A0%AA%E5%BC%8F%E4%BC%9A%E7%A4%BE
WEBエンジニア(フルスタックエンジニア),エムステージグループ,"Shinagawa City, Japan",https://stackoverflow.com/jobs/378907/web%E3%82%A8%E3%83%B3%E3%82%B8%E3%83%8B%E3%82%A2-%E3%83%95%E3%83%AB%E3%82%B9%E3%82%BF%E3%83%83%E3%82%AF%E3%82%A8%E3%83%B3%E3%82%B8%E3%83%8B%E3%82%A2-%E3%82%A8%E3%83%A0%E3%82%B9%E3%83%86%E3%83%BC%E3%82%B8%E3%82%B0%E3%83%AB%E3%83%BC%E3%83%97
2021 新卒採用 ソフトウエア 、 情報処理、インターネット関連、専門コンサルティング,株式会社フルマークス,"Chiyoda City, Japan",https://stackoverflow.com/jobs/392665/2021-%E6%96%B0%E5%8D%92%E6%8E%A1%E7%94%A8-%E3%82%BD%E3%83%95%E3%83%88%E3%82%A6%E3%82%A8%E3%82%A2-%E6%83%85%E5%A0%B1%E5%87%A6%E7%90%86-%E3%82%A4%E3%83%B3%E3%82%BF%E3%83%BC%E3%83%8D%E3%83%83%E3%83%88%E9%96%A2%E9%80%A3-%E5%B0%82%E9%96%80%E3%82%B3%E3%83%B3%E3%82%B5%E3%83%AB%E3%83%86%E3%82%A3%E3%83%B3%E3%82%B0-%E6%A0%AA%E5%BC%8F%E4%BC%9A%E7%A4%BE%E3%83%95%E3%83%AB%E3%83%9E%E3%83%BC%E3%82%AF%E3%82%B9
プログラマー(初心者可。最低何か1言語),シーライヴ株式会社,"Fukushima, Japan",https://stackoverflow.com/jobs/392540/%E3%83%97%E3%83%AD%E3%82%B0%E3%83%A9%E3%83%9E%E3%83%BC-%E5%88%9D%E5%BF%83%E8%80%85%E5%8F%AF-%E6%9C%80%E4%BD%8E%E4%BD%95%E3%81%8B1%E8%A8%80%E8%AA%9E-%E3%82%B7%E3%83%BC%E3%83%A9%E3%82%A4%E3%83%B4%E6%A0%AA%E5%BC%8F%E4%BC%9A%E7%A4%BE
サーバーサイドエンジニア/インターネット/Webサービス・ASP,Wantedly 株式会社,"Minato City, Japan",https://stackoverflow.com/jobs/356585/%E3%82%B5%E3%83%BC%E3%83%90%E3%83%BC%E3%82%B5%E3%82%A4%E3%83%89%E3%82%A8%E3%83%B3%E3%82%B8%E3%83%8B%E3%82%A2-%E3%82%A4%E3%83%B3%E3%82%BF%E3%83%BC%E3%83%8D%E3%83%83%E3%83%88-web%E3%82%B5%E3%83%BC%E3%83%93%E3%82%B9-asp-wantedly-%E6%A0%AA%E5%BC%8F%E4%BC%9A%E7%A4%BE
開発エンジニア / システムインテグレータ・ソフトハウス,フォーラムフロンティアネットワーク 株式会社,"Chiyoda City, Japan",https://stackoverflow.com/jobs/310161/%E9%96%8B%E7%99%BA%E3%82%A8%E3%83%B3%E3%82%B8%E3%83%8B%E3%82%A2-%E3%82%B7%E3%82%B9%E3%83%86%E3%83%A0%E3%82%A4%E3%83%B3%E3%83%86%E3%82%B0%E3%83%AC%E3%83%BC%E3%82%BF-%E3%82%BD%E3%83%95%E3%83%88%E3%83%8F%E3%82%A6%E3%82%B9-%E3%83%95%E3%82%A9%E3%83%BC%E3%83%A9%E3%83%A0%E3%83%95%E3%83%AD%E3%83%B3%E3%83%86%E3%82%A3%E3%82%A2%E3%83%8D%E3%83%83%E3%83%88%E3%83%AF%E3%83%BC%E3%82%AF-%E6%A0%AA%E5%BC%8F%E4%BC%9A%E7%A4%BE
【リードエンジニア・チームリーダー】サーバーサイドエンジニア,株式会社アイリッジ,"Minato City, Japan",https://stackoverflow.com/jobs/345672/%E3%83%AA%E3%83%BC%E3%83%89%E3%82%A8%E3%83%B3%E3%82%B8%E3%83%8B%E3%82%A2-%E3%83%81%E3%83%BC%E3%83%A0%E3%83%AA%E3%83%BC%E3%83%80%E3%83%BC-%E3%82%B5%E3%83%BC%E3%83%90%E3%83%BC%E3%82%B5%E3%82%A4%E3%83%89%E3%82%A8%E3%83%B3%E3%82%B8%E3%83%8B%E3%82%A2-%E6%A0%AA%E5%BC%8F%E4%BC%9A%E7%A4%BE%E3%82%A2%E3%82%A4%E3%83%AA%E3%83%83%E3%82%B8
Software Developer,Ollie Order,🇨🇦CA-only,https://remoteok.io//remote-jobs/85395-remote-software-developer-ollie-order
"Software Engineer, Services Reliability",Doximity,North America,https://remoteok.io//remote-jobs/74699-remote-software-engineer-services-reliability-doximity
Full Stack Developer,Uprise,🌏Worldwide,https://remoteok.io//remote-jobs/84843-remote-full-stack-developer-uprise
Lead Developer,Professional Insight,United States ,https://remoteok.io//remote-jobs/84193-remote-lead-developer-professional-insight
Freelance/student Backend Developer,Queue,🌏Worldwide,https://remoteok.io//remote-jobs/83959-remote-freelance-student-backend-developer-queue
Graphql Developer,Clevertech,USA Only,https://remoteok.io//remote-jobs/76396-remote-graphql-developer-clevertech
Senior Backend Engineer (node.js),Alacrity Law,+-3h from GMT,https://remoteok.io//remote-jobs/75506-remote-senior-backend-engineer-node-js-alacrity-law
Full Stack Developer,Pento ApS,CET +-4,https://remoteok.io//remote-jobs/75211-remote-full-stack-developer-pento-aps
Javascript Developer - Front End / Back End / Full-stack,Scoutbase,🌏Worldwide,https://remoteok.io//remote-jobs/74596-remote-javascript-developer-front-end-back-end-full-stack-scoutbase
Full-stack Javascript Developer for Next Generation App,Marigold Solutions Inc,🌏Worldwide,https://remoteok.io//remote-jobs/73819-remote-full-stack-javascript-developer-for-next-generation-app-marigold-solutions-inc
Fullstack Javascript Developer,Addjust,🌏Worldwide,https://remoteok.io//remote-jobs/72802-remote-fullstack-javascript-developer-addjust
React Focussed Fullstack Developer,Catapult,Anywhere in the EU,https://remoteok.io//remote-jobs/72681-remote-react-focussed-fullstack-developer-catapult
Backend Typescript/javascript Developer,inside labs AG,USA Only,https://remoteok.io//remote-jobs/72646-remote-backend-typescript-javascript-developer-inside-labs-ag
Full Stack Developer: React.js / React Native,Jupiter,USA Only,https://remoteok.io//remote-jobs/72494-remote-full-stack-developer-react-js-react-native-jupiter
Full Stack Developer w/ Elixir Experience,ProKeep,USA Only,https://remoteok.io//remote-jobs/72191-remote-full-stack-developer-w-elixir-experience-prokeep
Full-stack Node.js Developer,Wonder,USA Only,https://remoteok.io//remote-jobs/72092-remote-full-stack-node-js-developer-wonder
Front-end Developer,Saagie,USA Only,https://remoteok.io//remote-jobs/71488-remote-front-end-developer-saagie
"Javascript (node.js, Typescript, Graphql With Apollo) Backend Developer",Happy Cog,USA Only,https://remoteok.io//remote-jobs/71456-remote-javascript-node-js-typescript-graphql-with-apollo-backend-developer-happy-cog
"Javascript (angular > Version 4, Typescript) Frontend Developer",Happy Cog,USA Only,https://remoteok.io//remote-jobs/71454-remote-javascript-angular-version-4-typescript-frontend-developer-happy-cog
Full Stack Javascript Developer,inside labs AG,🇪🇺EU-only,https://remoteok.io//remote-jobs/71143-remote-full-stack-javascript-developer-inside-labs-ag
PHP Developer (laravel/graphql),"Acuity Scheduling, Inc.",USA Only,https://remoteok.io//remote-jobs/68710-remote-php-developer-laravel-graphql-acuity-scheduling-inc-
Fullstack Developer,Catapult,USA Only,https://remoteok.io//remote-jobs/68494-remote-remote-fullstack-developer-catapult
Frontend Developer,Circus Technologies Inc.,USA Only,https://remoteok.io//remote-jobs/68442-remote-frontend-developer-circus-technologies-inc-
Senior Software Engineer Who's Excited Graphql React,Reaction Commerce,USA Only,https://remoteok.io//remote-jobs/68162-remote-senior-software-engineer-whos-excited-graphql-react-reaction-commerce
Senior Javascript Developer,Differential,USA Only,https://remoteok.io//remote-jobs/67604-remote-senior-javascript-developer-differential
React Frontend Developer,Acuity Scheduling,🇺🇸US-only,https://remoteok.io//remote-jobs/67098-remote-react-frontend-developer-acuity-scheduling
Senior Software Engineer,Alacrity Law,USA Only,https://remoteok.io//remote-jobs/66870-remote-senior-software-engineer-remote-alacrity-law
Scala Backend Developer,Wasphi,USA Only,https://remoteok.io//remote-jobs/66087-remote-scala-backend-developer-wasphi
Fullstack Developer,Explain,USA Only,https://remoteok.io//remote-jobs/64336-remote-fullstack-developer-explain
React Front-end Developer,Wasphi,USA Only,https://remoteok.io//remote-jobs/63918-remote-react-front-end-developer-wasphi
Full Stack Javascript Developer,DICE FM Ltd,USA Only,https://remoteok.io//remote-jobs/60700-remote-full-stack-javascript-developer-dice-fm-ltd
Full-stack Node JS Developer,Mozilla,USA Only,https://remoteok.io//remote-jobs/41797-remote-full-stack-node-js-developer-mozilla
Front End Developer,Aurity.co,USA Only,https://remoteok.io//remote-jobs/23562-remote-front-end-developer-aurity-co
Full Stack Engineer,JadeMind GmbH,Anywhere (100% Remote) Only,https://weworkremotely.com//company/jademind-gmbh
"Node.js Lead Engineer :GraphQL, PostgreSQL (Freelance)",Contra ,Anywhere (100% Remote) Only,https://weworkremotely.com//company/contra
Animation Engineer (Freelance),Contra ,Anywhere (100% Remote) Only,https://weworkremotely.com//company/contra
Startup kick off... seeking 1st full stack!,Product Feedback,Europe Only,https://weworkremotely.com//company/product-feedback
Remote Contract React Native Engineer,G2i Inc.,Americas Only,https://weworkremotely.com//company/g2i-inc
Senior Software Engineer - Mobile,Good Eggs,USA Only,https://weworkremotely.com//company/good-eggs
Remote Contract React Developer,G2i Inc.,Americas Only,https://weworkremotely.com//company/g2i-inc
Senior Software Developer,Qualio,Europe,https://weworkremotely.com//company/qualio
Product Engineer (React/Ruby on Rails),Advisable.com,Europe Only,https://weworkremotely.com//company/advisable-com
Front-End Engineer,Contra,Anywhere (100% Remote) Only,https://weworkremotely.com//company/contra
Ruby on Rails Developer,Power Home Remodeling,USA Only,https://weworkremotely.com//remote-jobs/power-home-remodeling-ruby-on-rails-developer
"Mobile Software Engineer, iOS (Swift)",Doximity,North America,https://weworkremotely.com//company/doximity
Ruby on Rails Developer (5+ years),Power Home Remodeling,Anywhere (100% Remote) Only,https://weworkremotely.com//remote-jobs/power-home-remodeling-ruby-on-rails-developer-5-years
QA Analyst,Doximity,USA Only,https://weworkremotely.com//company/doximity
Senior Software Engineer,Shrine Development,North America Only,https://weworkremotely.com//company/shrine-development
Senior Full-stack Engineer (Ruby on Rails),RemoteLock,Remote (US Mountain Time business hours),https://weworkremotely.com//remote-jobs/remotelock-senior-full-stack-engineer-ruby-on-rails-1
Senior Frontend Engineer,Shogun,Anywhere (100% Remote) Only,https://weworkremotely.com//company/shogun
Senior Ruby on Rails Developer,BookingSync,Anywhere (100% Remote) Only,https://weworkremotely.com//company/bookingsync
Senior React Developer,Fluxweave,Anywhere (100% Remote) Only,https://weworkremotely.com//company/fluxweave
"Software Engineer, Service Reliability",Doximity,North America,https://weworkremotely.com//company/doximity
Mobile Web Solutions Architect,Power Home Remodeling,USA Only,https://weworkremotely.com//remote-jobs/power-home-remodeling-mobile-web-solutions-architect
Back-end Software Engineer,Wirecutter,USA Only,https://weworkremotely.com//company/wirecutter
Senior Full Stack Ruby on Rails Engineer,"Planet Home, LLC.",Anywhere (100% Remote) Only,https://weworkremotely.com//remote-jobs/planet-home-llc-senior-full-stack-ruby-on-rails-engineer
