title,company,location,link
JavaScript/TypeScript Node Developer - Remote Full-Time W2,TSP Consulting,"Mount Laurel Township, NJ",https://stackoverflow.com/jobs/394891
Backend Node.js Javascript Engineer,Breezy HR,No office location,https://stackoverflow.com/jobs/415196
D√©veloppeur Full-Stack JavaScript (React/Node) en Remote,SkillValue,No office location,https://stackoverflow.com/jobs/387926
Fullstack JavaScript Engineer for an Marketplace SaaS Platform as potential CIO,HeyAMZ UG (haftungsbeschr√§nkt),"Mannheim, Deutschland",https://stackoverflow.com/jobs/387932
Senior Full-Stack Developer (JavaScript) - 100% remote,Disy Informationssysteme GmbH,No office location,https://stackoverflow.com/jobs/168157
Javascript Full Stack Developer,iFit,No office location,https://stackoverflow.com/jobs/399262
"Senior Software Engineer - .NET Core, JS, Azure",Free Market Music,"Nashville, TN",https://stackoverflow.com/jobs/364254
JavaScript fullstack developer to help us shape the future of deliveries!,URBANTZ,"Bruxelles, Belgium",https://stackoverflow.com/jobs/401774
Senior Front-End Developer (f/m/d) JavaScript/Angular Remote,Drooms GmbH,No office location,https://stackoverflow.com/jobs/347422
"Frontend Software Engineer, JavaScript (Remote)",Automattic,No office location,https://stackoverflow.com/jobs/365833
Full Stack Nuxt JS Developer,Nacelle,No office location,https://stackoverflow.com/jobs/384138
Senior JavaScript/TypeScript Engineer,Interos,"Arlington, VA",https://stackoverflow.com/jobs/399259
Senior JavaScript Developer,Cypress.io,"Atlanta, GA",https://stackoverflow.com/jobs/307194
JavaScript and WebRTC Developer (Remote),X-Team,No office location,https://stackoverflow.com/jobs/410646
Full Stack .NET/MSSQL/JS Developer,MicroGSD,No office location,https://stackoverflow.com/jobs/406903
Sr. Full Stack Javascript / C# Engineer,AssureSign,"Atlanta, GA",https://stackoverflow.com/jobs/412438
Full Stack Javascript / C# Engineer,AssureSign,"Atlanta, GA",https://stackoverflow.com/jobs/412437
Senior Front-end / JS Developer,iubenda,"Milan, Italy",https://stackoverflow.com/jobs/396259
Senior Frontend JS/React Engineer,GrowFlow,No office location,https://stackoverflow.com/jobs/407516
PHP-/Javascript-Entwickler mit einem Faible f√ºr Datenprozesse (w/m/d),Publicare Marketing Communications GmbH,"Frankfurt am Main, Deutschland",https://stackoverflow.com/jobs/287513
"Sitecore Developer (C#, JavaScript, HTML, CSS)",Mapleton Hill,"Boulder, CO",https://stackoverflow.com/jobs/88591
Senior Web Architect (.NET / Javascript),Arcanys,No office location,https://stackoverflow.com/jobs/243370
Senior Full-Stack Developer | 100% Remote | (US Only),GovSpend,No office location,https://stackoverflow.com/jobs/252175
Software QA Engineer,Practichem,No office location,https://stackoverflow.com/jobs/391688
"Frontend developer (Vue.js, Material Design, Typescript)",ClearLife Limited,No office location,https://stackoverflow.com/jobs/410438
Senior Full Stack Engineer - Help us teach kids to code!,Kodable,"San Diego, CA",https://stackoverflow.com/jobs/406686
Senior Software Engineer - Automation (SDET),Rollbar,No office location,https://stackoverflow.com/jobs/408207
Senior Backend Engineer (Ruby on Rails),Files.com,No office location,https://stackoverflow.com/jobs/282423
Senior Frontend Engineer (ES8/React/Redux/Saga),Files.com,No office location,https://stackoverflow.com/jobs/241031
Senior Backend Developer - We're motivated to code with a sense of purpose,Kind,"Malm√∂, Sweden",https://stackoverflow.com/jobs/268694
Software Engineer (Full Stack),School of Motion,"Providence, RI",https://stackoverflow.com/jobs/413111
Senior Infrastructure / DevOps Engineer,Files.com,No office location,https://stackoverflow.com/jobs/250385
Senior Software Engineer - Infrastructure,Outschool,"San Francisco, CA",https://stackoverflow.com/jobs/386170
Tryouts Open for a Full-Stack Developer,GameSheet Inc.,No office location,https://stackoverflow.com/jobs/413173
Senior Frontend Developer - We're motivated to code with a sense of purpose,Kind,"Malm√∂, Sweden",https://stackoverflow.com/jobs/330158
Senior Software Engineer,Outschool,"San Francisco, CA",https://stackoverflow.com/jobs/406476
Full Stack PHP Developer (m/f/d) - Bielefeld/Berlin/Remote,Egoditor GmbH,"Berlin, Deutschland",https://stackoverflow.com/jobs/408861
Frontend Developer (m/f/d) - Bielefeld/Berlin/Remote,Egoditor GmbH,"Berlin, Deutschland",https://stackoverflow.com/jobs/410644
Sr Software Engineer / Web Developer,Branding Brand,"Pittsburgh, PA",https://stackoverflow.com/jobs/367291
"Software Engineer, Frontend",Smile (CA),No office location,https://stackoverflow.com/jobs/401817
Software Engineer - Remote,"LIBERA, INC.",No office location,https://stackoverflow.com/jobs/366190
Fullstack (React/Node/PHP/MySQL) Developer for a Trending Music Company (Remote),"eMastered, LLC",No office location,https://stackoverflow.com/jobs/416121
R&D Software Developer,"GPM, Corp.",No office location,https://stackoverflow.com/jobs/413113
"Backend Software Engineer, PHP (Remote)",Automattic,No office location,https://stackoverflow.com/jobs/315815
Senior API Developer,Stellar Technology Solutions,"Stroudsburg, PA",https://stackoverflow.com/jobs/400814
Full-stack engineer (React + Rails),Almanac,"San Francisco, CA",https://stackoverflow.com/jobs/371120
Senior Java Developer who wants to make a difference,O'Reilly Auto Parts,No office location,https://stackoverflow.com/jobs/130997
Full Stack Web Developer,"Art & Logic, Inc.",No office location,https://stackoverflow.com/jobs/370918
Senior Vue.js Developer (Remote),X-Team,No office location,https://stackoverflow.com/jobs/275429
FinTech Developer,OliBank,No office location,https://stackoverflow.com/jobs/384443
Software Engineering Lead,Soteria,"North Charleston, SC",https://stackoverflow.com/jobs/300207
Mobile Developer,IOVLABS,No office location,https://stackoverflow.com/jobs/405902
GIS Software Developer (Remote),Transfinder,"Schenectady, NY",https://stackoverflow.com/jobs/397034
Senior Web Developer - Help us teach kids to code!,Kodable,"San Diego, CA",https://stackoverflow.com/jobs/406687
Senior Software Engineer - Frontend (Remote),Web Summit,"Dublin 6, Ireland",https://stackoverflow.com/jobs/289346
Full Stack Developer (.Net),Crafted,"Ipswich, UK",https://stackoverflow.com/jobs/413116
Tech Lead FS - NodeJs / React / RN Developer Required for Realtime Application,Rekordio,No office location,https://stackoverflow.com/jobs/371868
Full-stack engineer (React + Rails),Almanac,"San Francisco, CA",https://stackoverflow.com/jobs/371120
"Software Engineer, Frontend (Remote)",Hotjar,No office location,https://stackoverflow.com/jobs/294054
Full-Stack Developer,Charidy,"Brooklyn, NY",https://stackoverflow.com/jobs/307185
Senior Backend Engineer,"Eezy, LLC","Bowling Green, KY",https://stackoverflow.com/jobs/396591
Senior Software Engineer - Full stack,"Encamp, Inc.",No office location,https://stackoverflow.com/jobs/412875
QA Engineer,Avenue,"S√£o Paulo, Brazil",https://stackoverflow.com/jobs/415224
Software Development Coach,Vail Systems Inc.,No office location,https://stackoverflow.com/jobs/415842
Mobile Application Software Developer,Ultimate Software,"Fort Lauderdale, FL",https://stackoverflow.com/jobs/408214
Freelance Full-Stack Developer ‚Äì Remote Job Romania,SkillValue,No office location,https://stackoverflow.com/jobs/406668
Frontend Software Engineer,Avenue,"S√£o Paulo, Brazil",https://stackoverflow.com/jobs/415227
Senior Fullstack Developer,Kodify,No office location,https://stackoverflow.com/jobs/358003
Senior Software Engineer: Anti-Harassment Tools,"Wikimedia Foundation, Inc.",No office location,https://stackoverflow.com/jobs/415726
React Engineer | Native or Web | 100% Remote,G2i Inc,No office location,https://stackoverflow.com/jobs/229077
"Software Engineer, Frontend",Breezy HR,No office location,https://stackoverflow.com/jobs/414855
Node Engineer | 100% Remote,G2i Inc,No office location,https://stackoverflow.com/jobs/405883
Junior/Mid level Web Applications Developer-FT-030420,Chainbridge Technologies,No office location,https://stackoverflow.com/jobs/371397
Back-End Engineer,Gorgias,No office location,https://stackoverflow.com/jobs/371615
Software Programming Instructor,App Academy,No office location,https://stackoverflow.com/jobs/414854
"Java Developer (Onsite in Paris, or Remote in France, UK, Germany)",PeopleDoc,No office location,https://stackoverflow.com/jobs/414744
"Software Engineer, Frontend",Breezy HR,No office location,https://stackoverflow.com/jobs/414855
"Back End Java Developer: open source for healthcare | Spring, AWS, microservices",SNOMED Internationalviatechfolk,No office location,https://stackoverflow.com/jobs/415641
"Senior Software Engineer, Web",DraftKings,No office location,https://stackoverflow.com/jobs/400786
Junior/Mid level Web Applications Developer-FT-030420,Chainbridge Technologies,No office location,https://stackoverflow.com/jobs/371397
Software Engineer,Olive AI,No office location,https://stackoverflow.com/jobs/407507
Security Developer,OliBank,No office location,https://stackoverflow.com/jobs/374851
Sr. Software Engineer,VisuWell,"Chattanooga, TN",https://stackoverflow.com/jobs/274406
APIs Developer,Dealer Inspire,No office location,https://stackoverflow.com/jobs/396980
Full Stack Software Engineer - Mobile Healthcare,Medsphere,No office location,https://stackoverflow.com/jobs/406291
Front-End Software Engineer - Global Health Data Platform,DHIS2,"Oslo, Norway",https://stackoverflow.com/jobs/147424
Software Engineer - Product,Facebook,No office location,https://stackoverflow.com/jobs/410352
Software Engineer - Product,Facebook,No office location,https://stackoverflow.com/jobs/410351
Software Engineer - Product,Facebook,No office location,https://stackoverflow.com/jobs/410346
Full Stack Engineer (React Native / Python),Modus Create,No office location,https://stackoverflow.com/jobs/401813
Software Architect,Nurun,No office location,https://stackoverflow.com/jobs/415675
PHP Developer (f/m/d) Remote/Homeoffice - WordPress Projects at Enterprise Level,Inpsyde GmbH,No office location,https://stackoverflow.com/jobs/229477
Full-stack .NET developer,Wordwall,No office location,https://stackoverflow.com/jobs/396086
Frontend TypeScript Angular Entwickler (m/w/d),CompuGroup Medical SE & Co. KGaA,"Koblenz, Deutschland",https://stackoverflow.com/jobs/416088
Senior Remote Freelancers,Scalable Path,No office location,https://stackoverflow.com/jobs/378534
Full Stack Developer,Formstack,"Fishers, IN",https://stackoverflow.com/jobs/412868
Senior iOS Engineer (Remote),X-Team,No office location,https://stackoverflow.com/jobs/191013
Full Stack .NET Angular Developer,DATALINK SOFTWARE,"Tampa, FL",https://stackoverflow.com/jobs/364167
Remote Shopify Developer,Bluebolt,"Chicago, IL",https://stackoverflow.com/jobs/111292
Sr. React Engineer for Digital Consumer Products,Superformula,No office location,https://stackoverflow.com/jobs/203714
Senior Magento Developer (Technical Lead),"Trellis, Inc.","Malden, MA",https://stackoverflow.com/jobs/416241
Remote Shopify Developer,Bluebolt,"Chicago, IL",https://stackoverflow.com/jobs/111292
Senior Remote Freelancers,Scalable Path,No office location,https://stackoverflow.com/jobs/378534
Senior iOS Engineer (Remote),X-Team,No office location,https://stackoverflow.com/jobs/191013
Software Engineer - Minecraft Java Game Development,Tynker,No office location,https://stackoverflow.com/jobs/411046
React JS Developer,komoot,"Berlin, Germany",https://stackoverflow.com/jobs/414687
Sr. React Engineer for Digital Consumer Products,Superformula,No office location,https://stackoverflow.com/jobs/203714
Senior Web Developer,Stellar Technology Solutions,"Stroudsburg, PA",https://stackoverflow.com/jobs/400817
Experienced Full Stack Engineer,"Theorem, LLC",No office location,https://stackoverflow.com/jobs/410137
Front-End Developer (React/GraphQL),Apacio Ltd,"Theale, UK",https://stackoverflow.com/jobs/397853
Developer (m/w/d) Conversational Artificial Intelligence,CAS AG,"Hamburg, Deutschland",https://stackoverflow.com/jobs/399983
Principal Front-End Engineer - Team Lead (Vue.js),"Unanet, Inc.",No office location,https://stackoverflow.com/jobs/406698
Java/React Developer,Boyle Software,"Kyiv, Ukraine",https://stackoverflow.com/jobs/412503
Software Engineer - Video Curriculum Development,Tynker,No office location,https://stackoverflow.com/jobs/407775
Senior Software Engineer,Affinitiv,"Clearwater, FL",https://stackoverflow.com/jobs/399504
Frontend Web Developer (m/f/x),refurbed,"Wien, √ñsterreich",https://stackoverflow.com/jobs/361674
Sr. Node Engineer [100% REMOTE],Clevertech,No office location,https://stackoverflow.com/jobs/415716
Web Developer (m/w/d) Shopware - REMOTE,signundsinn GmbH,No office location,https://stackoverflow.com/jobs/299058
Full Stack Engineer,"Sailpoint Technologies, Inc.",No office location,https://stackoverflow.com/jobs/415830
React Frontend Developer,Veezoo AG,No office location,https://stackoverflow.com/jobs/402700
Sr. React Developer [100% REMOTE],Clevertech,No office location,https://stackoverflow.com/jobs/415717
Senior Frontend Developer (Remote),Hypothesis.is,No office location,https://stackoverflow.com/jobs/375433
Data Engineer,Osmosis,No office location,https://stackoverflow.com/jobs/393659
Fullstack Developer,Gambling.com Group,"Dublin, Ireland",https://stackoverflow.com/jobs/308837
"Full Stack Senior Web Developer, Small Company - Disruptive Product",nxtedition,"Malm√∂, Sweden",https://stackoverflow.com/jobs/166416
"Python Developer (Onsite in Paris, or Remote in France, UK, Germany)",PeopleDoc,No office location,https://stackoverflow.com/jobs/414745
React Frontend Developer,Veezoo AG,No office location,https://stackoverflow.com/jobs/402700
Senior Frontend Developer (Remote),Hypothesis.is,No office location,https://stackoverflow.com/jobs/375433
Data Engineer,Osmosis,No office location,https://stackoverflow.com/jobs/393659
Experienced Full-stack Rails Developer,BloodHub,No office location,https://stackoverflow.com/jobs/145818
Fullstack Developer,Gambling.com Group,"Dublin, Ireland",https://stackoverflow.com/jobs/308837
Trainer (m/w/d) f√ºr Java (OCPJP / OCAJP) (E-Learning),WBS Gruppe,No office location,https://stackoverflow.com/jobs/388573
Senior Full-Stack Engineer (Vue/Node),Wisely,No office location,https://stackoverflow.com/jobs/405895
Front End Developer,IOVLABS,No office location,https://stackoverflow.com/jobs/405900
Frontend Architect (m/f/d),SimScale,"M√ºnchen, Germany",https://stackoverflow.com/jobs/409812
Senior Software Engineer (Go specialist),NetData Inc.,No office location,https://stackoverflow.com/jobs/408448
"Ethereum Smart Contract Developer, Part-Time Contractor (20 hrs / wk)",Upstate Interactive,No office location,https://stackoverflow.com/jobs/412372
Senior Web Applications Engineer,All Turtles,No office location,https://stackoverflow.com/jobs/410146
Senior Remote Ruby on Rails Developer,Nua Solutions (WebDoctor)viaflexhire,No office location,https://stackoverflow.com/jobs/406465
Coin Client Developer,AlphaPoint,No office location,https://stackoverflow.com/jobs/405868
"Principal Technical Mentor, Online",App Academy,No office location,https://stackoverflow.com/jobs/414853
Software Developer (Remote or Onsite),Aptera Software,"Fort Wayne, IN",https://stackoverflow.com/jobs/246026
Sr. Full Stack Developer,Ceros,No office location,https://stackoverflow.com/jobs/408163
Technical Solutions Engineer (Python) - Remote,Scrapinghub,No office location,https://stackoverflow.com/jobs/394263
Senior Backend Engineer - Python,APNATIME TECH PRIVATE LIMITED,No office location,https://stackoverflow.com/jobs/411044
Shopify Frontend Developer,Space 48,No office location,https://stackoverflow.com/jobs/412753
Mid/Senior Front End Developer,AICOF Srl,No office location,https://stackoverflow.com/jobs/415221
Frontend developer - global health data platform,DevOtta AS,"Otta, Norway",https://stackoverflow.com/jobs/304936
Site Reliability Engineer (SRE),Quadpay,"New York, NY",https://stackoverflow.com/jobs/415843
Fullstack Developer - PHP/React (Eastern Europe),MobyMax,No office location,https://stackoverflow.com/jobs/205692
Python Full Stack Developer,REPAY,"Tempe, AZ",https://stackoverflow.com/jobs/386498
Fullstack Developer - PHP/React (Eastern Europe),MobyMax,No office location,https://stackoverflow.com/jobs/205692
Shopify Frontend Developer,Space 48,No office location,https://stackoverflow.com/jobs/412753
Drupal Technology Leader,Interpersonal Frequency,No office location,https://stackoverflow.com/jobs/402769
Senior PHP Developer,Defiant Inc,No office location,https://stackoverflow.com/jobs/386493
Google Apps Script Developer,UNOPS,No office location,https://stackoverflow.com/jobs/408112
Senior Frontend Developer (React.js),Mahisoft Inc,No office location,https://stackoverflow.com/jobs/295352
Full-Stack Python Engineer,Gorgias,No office location,https://stackoverflow.com/jobs/374584
"Senior Security Researcher, Applications - 100% Remote Colombia South America",Sonatype,No office location,https://stackoverflow.com/jobs/370875
"Senior Security Researcher, Applications - 100% Remote Canada",Sonatype,No office location,https://stackoverflow.com/jobs/208728
Technical Product Support Engineer,Olive AI,No office location,https://stackoverflow.com/jobs/410488
Senior Backend Engineer (Python/Django),Chaturbate,No office location,https://stackoverflow.com/jobs/271844
API Engineering,PeerWell Inc.,No office location,https://stackoverflow.com/jobs/367310
Senior Software Engineer Rails/Elm/React,HubTran Inc.,No office location,https://stackoverflow.com/jobs/410103
Remote Software Engineer - build top rated SaaS tools for medical researchers,Castor,No office location,https://stackoverflow.com/jobs/403346
Back End Developer | Go (could be first Go role) | remote within UK or Cambridge,Third Lightviatechfolk,No office location,https://stackoverflow.com/jobs/406669
Enterprise Software Java/React/Redux Full Web Stack Developer,Variphy Inc,No office location,https://stackoverflow.com/jobs/403073
Full-Stack Developer (Elixir/ Ruby),Mindvalley,No office location,https://stackoverflow.com/jobs/399156
"Staff or Lead Software Engineer, Ruby (Billing Team) - Remote",BigCommerce,"Austin, TX",https://stackoverflow.com/jobs/408562
Senior Software Engineer -- Angular 2+ -- for Student Success Software,DIGARC,No office location,https://stackoverflow.com/jobs/407797
.NET Engineer,Brushfire,No office location,https://stackoverflow.com/jobs/366155
Software Engineer Who Loves Modernization,O'Reilly Auto Parts,No office location,https://stackoverflow.com/jobs/60726
"Backend Engineer, Java",Medal.tv,"Long Beach, CA",https://stackoverflow.com/jobs/413851
(100% Remote) Ruby / React.js Engineer at SMB Leads team,Toptal,No office location,https://stackoverflow.com/jobs/411472
Full Stack Developer,Everli,"Verona, Italy",https://stackoverflow.com/jobs/129548
Senior Full-Stack Developer (greenfield project),Chaturbate,No office location,https://stackoverflow.com/jobs/414389
Senior Server-Side Software Engineer (US-based candidates only),Feed Media Inc,No office location,https://stackoverflow.com/jobs/406304
Software Developers and Operations Personnel for Healthcare Platform,CareEvolution,No office location,https://stackoverflow.com/jobs/379348
Software Engineer (PHP),Research Square,"Durham, NC",https://stackoverflow.com/jobs/413453
Lead Vue.js / PHP developer,HUBX,No office location,https://stackoverflow.com/jobs/397027
"Backend Engineer, Java",Medal.tv,"Long Beach, CA",https://stackoverflow.com/jobs/413851
(Senior) Software Engineer,Hypatos GmbH,"Berlin, Deutschland",https://stackoverflow.com/jobs/401730
"Staff Engineer, Front End (Contractor - Remote)",Docler Holding,No office location,https://stackoverflow.com/jobs/408110
Full-Stack Engineer (PHP),Excel Impact,"North Miami, FL",https://stackoverflow.com/jobs/413571
Full Stack Engineer: Go and/or Python,Oscatelviatechfolk,"Bristol, UK",https://stackoverflow.com/jobs/416097
Senior Software Architect / Engineer who enjoys coding web services in c#,MapLarge,"Atlanta, GA",https://stackoverflow.com/jobs/124860
Mobile Developer (Remote or Onsite),Aptera Software,"Fort Wayne, IN",https://stackoverflow.com/jobs/261370
Sr. Software Engineer,Nox HealthviaTechCXO,No office location,https://stackoverflow.com/jobs/414691
Senior Python Software Engineer,"SSCS, Inc",No office location,https://stackoverflow.com/jobs/160117
Full Stack Engineer,SpotMe,No office location,https://stackoverflow.com/jobs/114053
Full Stack Developer - Retail & Catalog,Everli,"Verona, Italy",https://stackoverflow.com/jobs/415688
Senior Backend Engineer (Laravel),UCRAFT,No office location,https://stackoverflow.com/jobs/415180
Senior Full-Stack Ruby on Rails Entwickler [100% REMOTE],Netskin GmbH,No office location,https://stackoverflow.com/jobs/391421
Remote Java Developer (Support / Bug Fixes),HaysviaHays plc,"Orlando, FL",https://stackoverflow.com/jobs/413122
Senior Python / Django Engineer,Sherpany AG,No office location,https://stackoverflow.com/jobs/360695
Senior Full Stack Software Engineer (React Python Flask),FineTune Learning,No office location,https://stackoverflow.com/jobs/400104
Web Developer,"mStoner, Inc.","Chicago, IL",https://stackoverflow.com/jobs/415835
Cloud / Linux Engineer,Stellar Technology Solutions,"Stroudsburg, PA",https://stackoverflow.com/jobs/400816
Senior Software Engineer in Test,Olo,No office location,https://stackoverflow.com/jobs/410719
Senior .NET Web Applications Developer,eThor,"Calgary, AB, Canada",https://stackoverflow.com/jobs/330745
"Senior software engineer (experience with HIPAA, python, nextjs, docker, kafka)",EverQuote Inc.,No office location,https://stackoverflow.com/jobs/385234
Sr. Full Stack Web Developer (a.k.a. ‚ÄúReact Renegade‚Äù)-Local or Remote,InspectionXpert Corporation,"Raleigh, NC",https://stackoverflow.com/jobs/415350
Senior full stack developer,"Parsage, Inc.","Washington, DC",https://stackoverflow.com/jobs/287875
"Sr. Quality Engineer, Buyers Experience",eBay,"Netanya, Israel",https://stackoverflow.com/jobs/414676
Full Stack Developer - C#,REPAY,"Mesa, AZ",https://stackoverflow.com/jobs/395777
Full Stack Developer - Retail & Catalog,Everli,"Verona, Italy",https://stackoverflow.com/jobs/415688
Senior Backend Engineer (Laravel),UCRAFT,No office location,https://stackoverflow.com/jobs/415180
Front End: CSS Styling Specialist and Drupal Themer,Compucorp,"London, UK",https://stackoverflow.com/jobs/397806
Full Stack Angular and .NET Developer,Integrated Computer Systems,"McKinney, TX",https://stackoverflow.com/jobs/407503
Technical Product Manager,"Ryan Business and Technology Solutions, LLC","New York, NY",https://stackoverflow.com/jobs/391166
Full Stack Software Engineer,Breeze Church Management,No office location,https://stackoverflow.com/jobs/398175
React Native Developer (REMOTE),Evertel Technologies,No office location,https://stackoverflow.com/jobs/371620
Senior Java Developer (Remote),X-Team,No office location,https://stackoverflow.com/jobs/206435
Senior Software Engineer in Test,Olo,No office location,https://stackoverflow.com/jobs/410719
Senior .NET Web Applications Developer,eThor,"Calgary, AB, Canada",https://stackoverflow.com/jobs/330745
iOS Developer,Fretello GmbH,"Linz, √ñsterreich",https://stackoverflow.com/jobs/362091
"Full Stack Developer - Java, ElasticSearch, GraphQL and ReactJS",Contrast Security,"Baltimore, MD",https://stackoverflow.com/jobs/390294
"Sr. Quality Engineer, Buyers Experience",eBay,"Netanya, Israel",https://stackoverflow.com/jobs/414677
Experienced .NET CMS Web Developer - Remote,Diagram,"Chicago, IL",https://stackoverflow.com/jobs/307184
Ruby Developer - Build vulnerable web applications,Immersive Labs,No office location,https://stackoverflow.com/jobs/414750
Haskell Software Engineer,Interos,No office location,https://stackoverflow.com/jobs/399257
Backend Engineer,Innovation Research Labs,"Amsterdam, Netherlands",https://stackoverflow.com/jobs/361971
Senior Python Developer,Flashpoint,"New York, NY",https://stackoverflow.com/jobs/291957
Test Engineer (Cyber security),Surevine,"London, UK",https://stackoverflow.com/jobs/350313
Software Automation Engineer,Olive AI,No office location,https://stackoverflow.com/jobs/407508
Senior Site Reliability Engineer (SRE),Rollbar,No office location,https://stackoverflow.com/jobs/411856
.Net Developer - Create vulnerable web applications,Immersive Labs,No office location,https://stackoverflow.com/jobs/414749
Magento 2 Front-End Developer,WSM International LLC,"St. Clair Shores, MI",https://stackoverflow.com/jobs/347062
Software Engineer -- Student Registration Software,DIGARC,No office location,https://stackoverflow.com/jobs/407793
Senior Frontend Developer,Advent Health Partners,No office location,https://stackoverflow.com/jobs/412502
Senior Ruby on Rails Server Engineer,Hubstaff,No office location,https://stackoverflow.com/jobs/414235
Site Reliability Engineers wanted!,Magnolia International Ltd.,No office location,https://stackoverflow.com/jobs/408125
Senior Software Engineer,Qualio,"Dublin, Ireland",https://stackoverflow.com/jobs/414860
"Employee No. 12 ‚Äì .NET  Developer (flexible hours, work from anywhere)",Intelligent Editing Ltd,No office location,https://stackoverflow.com/jobs/410439
Test Automation Engineer,She Software,No office location,https://stackoverflow.com/jobs/413115
Senior Go Developer (Remote),X-Team,No office location,https://stackoverflow.com/jobs/235208
Python Engineer,Overloop,No office location,https://stackoverflow.com/jobs/412439
Haskell Software Engineer,Interos,No office location,https://stackoverflow.com/jobs/399257
Test Engineer (Cyber security),Surevine,"London, UK",https://stackoverflow.com/jobs/350313
"Senior Backend Developer (Node, Event-Driven)",Nacelle,No office location,https://stackoverflow.com/jobs/395509
Senior Backend Symfony/PHP Engineer,Compucorp,"London, UK",https://stackoverflow.com/jobs/406191
Full Stack Developer,Endgame360,No office location,https://stackoverflow.com/jobs/344307
Cloud / AWS / DevOps Engineer,IDbyDNA,No office location,https://stackoverflow.com/jobs/406298
"Senior Site Reliability Engineer (Storage), Wikimedia Cloud Services Team","Wikimedia Foundation, Inc.",No office location,https://stackoverflow.com/jobs/413570
Senior Python Developer,Flashpoint,"New York, NY",https://stackoverflow.com/jobs/291957
Software Automation Engineer,Olive AI,No office location,https://stackoverflow.com/jobs/407508
Applications Security Engineer,IOVLABS,No office location,https://stackoverflow.com/jobs/405875
"Sr. Engineer, IAM Continuous Authentication",Auth0,No office location,https://stackoverflow.com/jobs/410491
Technical Operations Engineer,AlphaPoint,No office location,https://stackoverflow.com/jobs/408180
"Remote Senior Developer (node, react, aws)",JBS Custom Software Solutions,No office location,https://stackoverflow.com/jobs/290246
"Senior Devops Engineer (Contract, Remote)",New Context Services,No office location,https://stackoverflow.com/jobs/272561
Applications Security Engineer,IOVLABS,No office location,https://stackoverflow.com/jobs/405875
Site Reliability Engineer,SpotMe,No office location,https://stackoverflow.com/jobs/308372
Ruby on Rails Developer,Nebulab,No office location,https://stackoverflow.com/jobs/225436
"Sr. Engineer, IAM Continuous Authentication",Auth0,No office location,https://stackoverflow.com/jobs/410491
Microsoft Power BI Developer (Freelance),"eTeki, Inc.",No office location,https://stackoverflow.com/jobs/302257
Senior Back-end / Ruby on Rails Developer,iubenda,"Milan, Italy",https://stackoverflow.com/jobs/410579
UX/UI Interaction Designer,reacHIRE,Anywhere (100% Remote) Only,https://weworkremotely.com/remote-jobs/reachire-ux-ui-interaction-designer
Experienced Polyglot Engineer - Remote,"Theorem, LLC",Anywhere (100% Remote) Only,https://weworkremotely.com/remote-jobs/theorem-llc-experienced-polyglot-engineer-remote
Web & UX Designer,Zoomforth,Anywhere (100% Remote) Only,https://weworkremotely.com/remote-jobs/zoomforth-web-ux-designer
eCommerce Front End Developer + Designer,Streamline Retail,USA Only,https://weworkremotely.com/remote-jobs/streamline-retail-ecommerce-front-end-developer-designer
Senior Javascript Developer - Remote,"Piggy, LLC",Anywhere (100% Remote) Only,https://weworkremotely.com/remote-jobs/piggy-llc-senior-javascript-developer-remote
Cloud Architect (DevOps),Breezy HR,Anywhere (100% Remote) Only,https://weworkremotely.com/remote-jobs/breezy-hr-cloud-architect-devops
Sr. Product Designer at LaunchNotes üöÄ,LaunchNotes,USA Only,https://weworkremotely.com/remote-jobs/launchnotes-sr-product-designer-at-launchnotes
Javascript Developer - Remote,"Piggy, LLC",Anywhere (100% Remote) Only,https://weworkremotely.com/remote-jobs/piggy-llc-javascript-developer-remote
Senior Product Designer,Headway,USA Only,https://weworkremotely.com/remote-jobs/headway-senior-product-designer-1
Senior Software Engineer - Mobile,Good Eggs,USA Only,https://weworkremotely.com/remote-jobs/good-eggs-senior-software-engineer-mobile
"Senior full-stack developer for profitable, gamified video conferencing startup that grew 5x in 30 days",Remo.co,Anywhere (100% Remote) Only,https://weworkremotely.com/remote-jobs/remo-co-senior-full-stack-developer-for-profitable-gamified-video-conferencing-startup-that-grew-5x-in-30
senior security engineer with ruby on rails experience,Aha!,North America Only,https://weworkremotely.com/remote-jobs/aha-senior-security-engineer-with-ruby-on-rails-experience
Senior Front End Developer,Pixel Union,Americas Only,https://weworkremotely.com/remote-jobs/pixel-union-senior-front-end-developer
Experienced Ruby on Rails Engineer,Starfish,Europe Only,https://weworkremotely.com/remote-jobs/starfish-experienced-ruby-on-rails-engineer
Senior Software Developer,Qualio,Europe,https://weworkremotely.com/remote-jobs/qualio-senior-software-developer
Senior Software Engineer - Ruby/Elm/React,HubTran,USA Only,https://weworkremotely.com/remote-jobs/hubtran-senior-software-engineer-ruby-elm-react
Frontend Developer for Toggl Hire,Toggl,Anywhere (100% Remote) Only,https://weworkremotely.com/remote-jobs/toggl-frontend-developer-for-toggl-hire
Senior Ruby on Rails Server Engineer,Hubstaff,Anywhere (100% Remote) Only,https://weworkremotely.com/remote-jobs/hubstaff-senior-ruby-on-rails-server-engineer
Full Stack Developer (PHP),Harvest Digital Planning,Australia Only,https://weworkremotely.com/remote-jobs/harvest-digital-planning-full-stack-developer-php
Frontend Engineer,Knack,USA Only,https://weworkremotely.com/remote-jobs/knack-frontend-engineer-2
Senior Frontend React Engineer,CartHook,Europe Only,https://weworkremotely.com/remote-jobs/carthook-senior-frontend-react-engineer
"Awesome Senior 3D Software Engineers (UnrealEngine, WebGL, and more)",4D Pipeline,Anywhere (100% Remote) Only,https://weworkremotely.com/remote-jobs/4d-pipeline-awesome-senior-3d-software-engineers-unrealengine-webgl-and-more-1
Front End Engineer,Chili Piper,WorldWide,https://weworkremotely.com/remote-jobs/chili-piper-front-end-engineer
Senior or Lead React Developer,Manifold,Americas Only,https://weworkremotely.com/remote-jobs/manifold-senior-or-lead-react-developer
Senior Front End (React) Engineer ,Instinct Science,Americas Only,https://weworkremotely.com/remote-jobs/instinct-science-senior-front-end-react-engineer-1
Sr. Security Engineer with Ruby on Rails experience,Aha!,North America,https://weworkremotely.com/remote-jobs/aha-sr-security-engineer-with-ruby-on-rails-experience
"Front End Web Developer and Designer for ""Space Apps""",Deploy Solutions,Canada Only,https://weworkremotely.com/remote-jobs/deploy-solutions-front-end-web-developer-and-designer-for-space-apps
WordPress Developer (PHP/JS),Awesome Motive Inc.,Anywhere (100% Remote) Only,https://weworkremotely.com/remote-jobs/awesome-motive-inc-wordpress-developer-php-js-3
Full Stack PHP Developer,SpinupWP,North America Only,https://weworkremotely.com/remote-jobs/spinupwp-full-stack-php-developer
Shopify Developer,C2 Digital,Anywhere (100% Remote) Only,https://weworkremotely.com/remote-jobs/c2-digital-shopify-developer-2
Senior JavaScript Frontend Developer ,Techifide Limited,Anywhere (100% Remote) Only,https://weworkremotely.com/remote-jobs/techifide-limited-senior-javascript-frontend-developer
Senior Front-End Web Developer,Saucepos,Anywhere (100% Remote) Only,https://weworkremotely.com/remote-jobs/saucepos-senior-front-end-web-developer
Senior Full Stack Engineer with focus on UX / UI,MyAccident,USA Only,https://weworkremotely.com/remote-jobs/myaccident-senior-full-stack-engineer-with-focus-on-ux-ui
JavaScript Developer,Bitovi ,USA Only,https://weworkremotely.com/remote-jobs/bitovi-javascript-developer-2
"Open Source Developer & DevOps (Python, Django, AWS, OpenStack)",OpenCraft,Anywhere (100% Remote) Only,https://weworkremotely.com/remote-jobs/opencraft-open-source-developer-devops-python-django-aws-openstack-9
Sr. Shopify Engineer,Flip-Tech ,Anywhere (100% Remote) Only,https://weworkremotely.com/remote-jobs/flip-tech-sr-shopify-engineer
Front-End Developer: The Perfect Job,iPhone Photography School,Anywhere,https://weworkremotely.com/remote-jobs/iphone-photography-school-front-end-developer-the-perfect-job-1
Backend Engineer (Ruby on Rails),jobandtalent,Anywhere (100% Remote) Only,https://weworkremotely.com/remote-jobs/jobandtalent-backend-engineer-ruby-on-rails
Frontend Engineer (ES8/React/Redux/Saga) ,Files.com,U.S.A.,https://weworkremotely.com/remote-jobs/files-com-frontend-engineer-es8-react-redux-saga
Senior WordPress Developer,Formidable Forms,Anywhere (100% Remote) Only,https://weworkremotely.com/remote-jobs/formidable-forms-senior-wordpress-developer-1
Lead Engineer (WordPress),WebDevStudios,Anywhere (100% Remote) Only,https://weworkremotely.com/remote-jobs/webdevstudios-lead-engineer-wordpress
Superstar Full-Stack Developer /// Your Work Will Be Seen By Millions,Country Rebel,Anywhere (100% Remote) Only,https://weworkremotely.com/remote-jobs/country-rebel-superstar-full-stack-developer-your-work-will-be-seen-by-millions
Senior Front End Developer,"ESL Gaming Online, Inc",Europe/Americas Only,https://weworkremotely.com/remote-jobs/esl-gaming-online-inc-senior-front-end-developer
Front End Developer,"ESL Gaming Online, Inc",Europe/Americas Only,https://weworkremotely.com/remote-jobs/esl-gaming-online-inc-front-end-developer
"Sr. Software Engineer, Fullstack @ Machine Learning Startup",Labelbox,North America Only,https://weworkremotely.com/remote-jobs/labelbox-sr-software-engineer-fullstack-machine-learning-startup
NativeScript Developer,ReKTGlobal,Anywhere (100% Remote) Only,https://weworkremotely.com/remote-jobs/rektglobal-nativescript-developer
QA Engineer,Chili Piper,Anywhere (100% Remote) Only,https://weworkremotely.com/remote-jobs/chili-piper-qa-engineer
Lead Software Engineer,Form Publisher,Europe Only,https://weworkremotely.com/remote-jobs/form-publisher-lead-software-engineer
Front End Web Developer ~ Virtual Office,KBMax,USA Only,https://weworkremotely.com/remote-jobs/kbmax-front-end-web-developer-virtual-office
"Freelance JavaScript Developer - Remote, Full-time/Part-time Options",Impactian,Anywhere (100% Remote) Only,https://weworkremotely.com/remote-jobs/impactian-freelance-javascript-developer-remote-full-time-part-time-options
"Freelance Ruby Developer - Remote, Full-time/Part-time Options",Impactian,Anywhere (100% Remote) Only,https://weworkremotely.com/remote-jobs/impactian-freelance-ruby-developer-remote-full-time-part-time-options
Sr. Full-Stack Javascript Developer,Clevertech,Anywhere (100% Remote) Only,https://weworkremotely.com/remote-jobs/clevertech-sr-full-stack-javascript-developer
Full Stack Developer (Python & Vue.js),Unhaggle Inc.,Any,https://weworkremotely.com/remote-jobs/unhaggle-inc-full-stack-developer-python-vue-js-2
JavaScript Developer - Fully Remote,Geektastic,Anywhere (100% Remote) Only,https://weworkremotely.com/remote-jobs/geektastic-javascript-developer-fully-remote
Frontend Engineer,Modern Tribe ,Anywhere (100% Remote) Only,https://weworkremotely.com/remote-jobs/modern-tribe-frontend-engineer-2
Backend Node.js Javascript Engineer,Breezy HR ,USA Only,https://weworkremotely.com/remote-jobs/breezy-hr-backend-node-js-javascript-engineer
JavaScript Software Engineer,URBANTZ SA,Europe Only,https://weworkremotely.com/remote-jobs/urbantz-sa-javascript-software-engineer
Senior React Native Developer,Few,USA Only,https://weworkremotely.com/remote-jobs/few-senior-react-native-developer-1
"Software Engineer, Frontend",Breezy HR ,USA Only,https://weworkremotely.com/remote-jobs/breezy-hr-software-engineer-frontend
Sr Software Engineer (Bootstrapped/Ruby on Rails),Printavo,USA Only,https://weworkremotely.com/remote-jobs/printavo-sr-software-engineer-bootstrapped-ruby-on-rails-1
Front End Developer,Altrac,Americas Only,https://weworkremotely.com/remote-jobs/altrac-front-end-developer
Front End Developer,Territory Foods,USA Only,https://weworkremotely.com/remote-jobs/territory-foods-front-end-developer
Analytics Engineer (Part Time),Aula Education,Anywhere (100% Remote) Only,https://weworkremotely.com/remote-jobs/aula-education-analytics-engineer-part-time
Front End Engineer,Hopin,Anywhere (100% Remote) Only,https://weworkremotely.com/remote-jobs/hopin-front-end-engineer
Full-stack JavaScript developer,FingerprintJS,UTC-7 to UTC+4,https://weworkremotely.com/remote-jobs/fingerprintjs-full-stack-javascript-developer
JavaScript researcher,FingerprintJS,Anywhere (100% Remote) Only,https://weworkremotely.com/remote-jobs/fingerprintjs-javascript-researcher
"Software Engineer, Android (Kotlin)",Doximity,North America Only,https://weworkremotely.com/remote-jobs/doximity-software-engineer-android-kotlin
Senior JavaScript and WebRTC Developer,X-Team,Anywhere (100% Remote) Only,https://weworkremotely.com/remote-jobs/x-team-senior-javascript-and-webrtc-developer
Senior Programmer (Frontend),Anedot,Anywhere (100% Remote) Only,https://weworkremotely.com/remote-jobs/anedot-senior-programmer-frontend-1
Senior Software Engineer,"LearnZillion, an Edgenuity company",USA Only,https://weworkremotely.com/remote-jobs/learnzillion-an-edgenuity-company-senior-software-engineer
Front End Software Engineer,CodeLathe Technologies Inc,Anywhere (100% Remote) Only,https://weworkremotely.com/remote-jobs/codelathe-technologies-inc-front-end-software-engineer-1
"Senior Frontend Software Engineer, Mobile (SF Bay Area/Remote)",DroneDeploy,USA Only,https://weworkremotely.com/remote-jobs/dronedeploy-senior-frontend-software-engineer-mobile-sf-bay-area-remote
Full Stack Web Developer (Western Hemisphere),SilverLogic,Americas Only,https://weworkremotely.com/remote-jobs/silverlogic-full-stack-web-developer-western-hemisphere
Angular / Full Stack Developer,"Rocket Communications, Inc.",USA Only,https://weworkremotely.com/remote-jobs/rocket-communications-inc-angular-full-stack-developer
"Software Engineer, Full Stack ",Doximity,North America,https://weworkremotely.com/remote-jobs/doximity-software-engineer-full-stack
Full Stack Developer,Airship & Toggle,Europe Only,https://weworkremotely.com/remote-jobs/airship-toggle-full-stack-developer
Senior Full Stack Software Engineer,Higharc,USA Only,https://weworkremotely.com/remote-jobs/higharc-senior-full-stack-software-engineer-1
Senior Full-Stack Software Engineer,Able,Anywhere (100% Remote) Only,https://weworkremotely.com/remote-jobs/able-senior-full-stack-software-engineer
Senior Backend Engineer - Node.js,Localize,USA Only,https://weworkremotely.com/remote-jobs/localize-senior-backend-engineer-node-js
UI Engineer,AppOmni,North America Only,https://weworkremotely.com/remote-jobs/appomni-ui-engineer
Senior Java Developer ,X-Team,Anywhere (100% Remote) Only,https://weworkremotely.com/remote-jobs/x-team-senior-java-developer
Fullstack Product Engineer (Django),HeySummit,Anywhere (100% Remote) Only,https://weworkremotely.com/remote-jobs/heysummit-fullstack-product-engineer-django
Growth & Support Engineer,HeySummit,Anywhere (100% Remote) Only,https://weworkremotely.com/remote-jobs/heysummit-growth-support-engineer
Frontend Django Developer,Swappa,Anywhere (100% Remote) Only,https://weworkremotely.com/remote-jobs/swappa-frontend-django-developer
Full Stack Senior Web Developer,Plain Concepts,USA Only,https://weworkremotely.com/remote-jobs/plain-concepts-full-stack-senior-web-developer
Full-Stack Software Engineer (Rails),Farmgirl Flowers,Anywhere (100% Remote) Only,https://weworkremotely.com/remote-jobs/farmgirl-flowers-full-stack-software-engineer-rails
Developer,The Taproom,North America Only,https://weworkremotely.com/remote-jobs/the-taproom-developer
Junior Developer,The Taproom,North America Only,https://weworkremotely.com/remote-jobs/the-taproom-junior-developer
Lead Senior Ruby on Rails Developer,BookingSync,Anywhere (100% Remote) Only,https://weworkremotely.com/remote-jobs/bookingsync-lead-senior-ruby-on-rails-developer
Full-Stack Developer (Ionic/Angular/Node) - B2C FoodTech,mealhero,CET +- 3h,https://weworkremotely.com/remote-jobs/mealhero-full-stack-developer-ionic-angular-node-b2c-foodtech
Front-End Developer (Spanish Speaking),CIVITATIS,Anywhere (100% Remote) Only,https://weworkremotely.com/remote-jobs/civitatis-front-end-developer-spanish-speaking
PHP Developer - Europe only,Impress Websites,Europe Only,https://weworkremotely.com/remote-jobs/impress-websites-php-developer-europe-only
Full Stack Node Engineer,Social Print Studio,USA Only,https://weworkremotely.com/remote-jobs/social-print-studio-full-stack-node-engineer
Senior Full Stack Engineer,Thinkific,Canada Only,https://weworkremotely.com/remote-jobs/thinkific-senior-full-stack-engineer
Mobile Application Developer (Python),Kickback Rewards System,Anywhere (100% Remote) Only,https://weworkremotely.com/remote-jobs/kickback-rewards-system-mobile-application-developer-python
Senior Software Engineer - Elixir,Very LLC,USA Only,https://weworkremotely.com/remote-jobs/very-llc-senior-software-engineer-elixir
Senior React developer,Lifestage Solutions AG,Anywhere (100% Remote) Only,https://weworkremotely.com/remote-jobs/lifestage-solutions-ag-senior-react-developer
Lead Developer,Grayce,USA Only,https://weworkremotely.com/remote-jobs/grayce-lead-developer
"Senior Software Engineer, Packages Ecosystems",GitHub,North America Only,https://weworkremotely.com/remote-jobs/github-senior-software-engineer-packages-ecosystems
Senior Backend JavaScript Nomad,"Pathable, Inc.",Anywhere (100% Remote) Only,https://weworkremotely.com/remote-jobs/pathable-inc-senior-backend-javascript-nomad
Senior Product Engineer (Remote - Anywhere),Dataquest ,Anywhere (100% Remote) Only,https://weworkremotely.com/remote-jobs/dataquest-senior-product-engineer-remote-anywhere
Remote Senior Frontend Developer with Great Design Flair,Likvido ApS,Anywhere (100% Remote) Only,https://weworkremotely.com/remote-jobs/likvido-aps-remote-senior-frontend-developer-with-great-design-flair
Senior JavaScript Software Engineer ,DroneDeploy,USA Only,https://weworkremotely.com/remote-jobs/dronedeploy-senior-javascript-software-engineer
Software Application Developer,Global Impact,Anywhere (100% Remote) Only,https://weworkremotely.com/remote-jobs/global-impact-software-application-developer-1
Senior Full Stack Engineer,Equips,USA Only,https://weworkremotely.com/remote-jobs/equips-senior-full-stack-engineer
Remote senior full-stack .NET developer for ambitious fintech start-up,Likvido ApS,Anywhere (100% Remote) Only,https://weworkremotely.com/remote-jobs/likvido-aps-remote-senior-full-stack-net-developer-for-ambitious-fintech-start-up
Ruby on Rails Developer,Power Home Remodeling,USA Only,https://weworkremotely.com/remote-jobs/power-home-remodeling-ruby-on-rails-developer
Senior JavaScript Developer Trainer,Kinsta,North America Only,https://weworkremotely.com/remote-jobs/kinsta-senior-javascript-developer-trainer
Senior Full Stack Javascript Engineer,Localize,USA Only,https://weworkremotely.com/remote-jobs/localize-senior-full-stack-javascript-engineer
Software Engineering Mentor,Springboard,Anywhere (100% Remote) Only,https://weworkremotely.com/remote-jobs/springboard-software-engineering-mentor-1
PHP / JavaScript developer,End Point Corporation,USA Only,https://weworkremotely.com/remote-jobs/end-point-corporation-php-javascript-developer
Mobile/Web Developer,TripCraft,North America Only,https://weworkremotely.com/remote-jobs/tripcraft-mobile-web-developer
Full Stack Engineer,Equips,USA Only,https://weworkremotely.com/remote-jobs/equips-full-stack-engineer
WordPress Developer,MemberPress,Anywhere (100% Remote) Only,https://weworkremotely.com/remote-jobs/memberpress-wordpress-developer
Full Stack Developer,20spokes,Anywhere (100% Remote) Only,https://weworkremotely.com/remote-jobs/20spokes-full-stack-developer
"Mobile Software Engineer, iOS (Swift)",Doximity,North America,https://weworkremotely.com/remote-jobs/doximity-mobile-software-engineer-ios-swift
Ruby on Rails Developer (5+ years),Power Home Remodeling,Anywhere (100% Remote) Only,https://weworkremotely.com/remote-jobs/power-home-remodeling-ruby-on-rails-developer-5-years
Full Stack Software Engineer,Clipboard Health,Anywhere (100% Remote) Only,https://weworkremotely.com/remote-jobs/clipboard-health-full-stack-software-engineer
Senior JavaScript Engineer,Retrium,USA Only,https://weworkremotely.com/remote-jobs/retrium-senior-javascript-engineer
Sr. Web Developer - Magento/Drupal,Bear Group,Anywhere (100% Remote) Only,https://weworkremotely.com/remote-jobs/bear-group-sr-web-developer-magento-drupal
Full Stack Engineer,Moment,USA Only,https://weworkremotely.com/remote-jobs/moment-full-stack-engineer
Software Development Engineer - Test (SDET),Bevy,Anywhere (100% Remote) Only,https://weworkremotely.com/remote-jobs/bevy-software-development-engineer-test-sdet
Senior Full-Stack Software Engineer,TaxJar,USA Only,https://weworkremotely.com/remote-jobs/taxjar-senior-full-stack-software-engineer
Senior Software Engineer - Web Apps,"Brivity, Inc.",North America Only,https://weworkremotely.com/remote-jobs/brivity-inc-senior-software-engineer-web-apps-1
WordPress Support Specialist,Yoko Co,Anywhere (100% Remote) Only,https://weworkremotely.com/remote-jobs/yoko-co-wordpress-support-specialist
Technical Champion,Chameleon,Anywhere (100% Remote) Only,https://weworkremotely.com/remote-jobs/chameleon-technical-champion
Customer Support Specialist,SkyVerge,Anywhere (100% Remote) Only,https://weworkremotely.com/remote-jobs/skyverge-customer-support-specialist-5
WordPress Technical Support,Awesome Motive Inc.,Anywhere (100% Remote) Only,https://weworkremotely.com/remote-jobs/awesome-motive-inc-wordpress-technical-support-1
Customer Support Specialist,Knack,USA Only,https://weworkremotely.com/remote-jobs/knack-customer-support-specialist-1
"WordPress Support Engineer - EMEA (weekends, 8am-6pm UTC)",Kinsta,North America Only,https://weworkremotely.com/remote-jobs/kinsta-wordpress-support-engineer-emea-weekends-8am-6pm-utc
Senior Technical Customer Champion,Thinkific,Canada Only,https://weworkremotely.com/remote-jobs/thinkific-senior-technical-customer-champion
Technical Support Specialist,Shogun,North America Only,https://weworkremotely.com/remote-jobs/shogun-technical-support-specialist
Site Reliability Engineer,Kuali,Anywhere (100% Remote) Only,https://weworkremotely.com/remote-jobs/kuali-site-reliability-engineer
Frontend Developer,Noticed. ,USA Only,https://weworkremotely.com/remote-jobs/noticed-frontend-developer
"Software Engineer, Security",Doximity,North America Only,https://weworkremotely.com/remote-jobs/doximity-software-engineer-security
Drupal Developer,PRI,USA Only,https://weworkremotely.com/remote-jobs/pri-drupal-developer-2
Web Developer,"mStoner, Inc.",USA Only,https://weworkremotely.com/remote-jobs/mstoner-inc-web-developer
"Software Engineer, SRE",Doximity,North America,https://weworkremotely.com/remote-jobs/doximity-software-engineer-sre
Marketing Lead,FingerprintJS,Anywhere (100% Remote) Only,https://weworkremotely.com/remote-jobs/fingerprintjs-marketing-lead
Demand Generation Manager,Chili Piper,North America Only,https://weworkremotely.com/remote-jobs/chili-piper-demand-generation-manager
Experienced Marketing Manager at Growth Agency,Mammoth Growth,North America Only,https://weworkremotely.com/remote-jobs/mammoth-growth-experienced-marketing-manager-at-growth-agency
Software Product Owner,MercuryWorks,USA Only,https://weworkremotely.com/remote-jobs/mercuryworks-software-product-owner-1
Lead Product Designer,Zoomforth,Anywhere (100% Remote) Only,https://weworkremotely.com/remote-jobs/zoomforth-lead-product-designer
UX and Fundraising Internship (Paid),MoveOn.org,Anywhere (100% Remote) Only,https://weworkremotely.com/remote-jobs/moveon-org-ux-and-fundraising-internship-paid
Senior Product Designer,TaxJar,USA Only,https://weworkremotely.com/remote-jobs/taxjar-senior-product-designer-1
Front End Engineer ,Manual ,Anywhere (100% Remote) Only,https://weworkremotely.com/remote-jobs/manual-front-end-engineer
Salesforce Developer,The Predictive Index,USA Only,https://weworkremotely.com/remote-jobs/the-predictive-index-salesforce-developer
Vue or Nuxt Developer,Front Porch Solutions,US/Americas,https://remoteok.io/remote-jobs/97017-remote-vue-or-nuxt-developer-front-porch-solutions
Frontend Developer (react/redux),IDEX Innovation,Worldwide,https://remoteok.io/remote-jobs/97014-remote-frontend-developer-react-redux-idex-innovation
Mid-level Software Engineer,InvestorFuse,Worldwide,https://remoteok.io/remote-jobs/97012-remote-mid-level-software-engineer-investorfuse
Senior Node.js Microservices Developer,Turbulent x Cloud Imperium Games (Star Citizen),Worldwide,https://remoteok.io/remote-jobs/97004-remote-senior-node-js-microservices-developer-turbulent-x-cloud-imperium-games-star-citizen
Frontend Developer,Sporty,Worldwide,https://remoteok.io/remote-jobs/96902-remote-frontend-developer-sporty
Senior Frontend Developer,CartHook,EU-only,https://remoteok.io/remote-jobs/96888-remote-senior-frontend-developer-carthook
React Developer,Nicer Studio,US-only,https://remoteok.io/remote-jobs/96882-remote-react-developer-nicer-studio
Senior Fullstack Developer,WAW MUZIK,WEST AFRICA & EUROPE,https://remoteok.io/remote-jobs/96878-remote-remote-senior-fullstack-developer-waw-muzik
Senior Software Engineer,Vamstar,Worldwide,https://remoteok.io/remote-jobs/86896-remote-senior-software-engineer-vamstar
Backend Developer,UBIO (Automation Cloud),UK/EU,https://remoteok.io/remote-jobs/86647-remote-backend-developer-ubio-automation-cloud
Software Engineer (react/redux),Routable,United States / Remote,https://remoteok.io/remote-jobs/86593-remote-software-engineer-react-redux-routable
Software Engineer,Coder,US-only,https://remoteok.io/remote-jobs/86350-remote-software-engineer-coder
Strong Nodejs Developer (mid/senior),disxt,Worldwide,https://remoteok.io/remote-jobs/86271-remote-strong-nodejs-developer-mid-senior-disxt
Freelance React Native Developer,Toptal,Worldwide,https://remoteok.io/remote-jobs/86222-remote-freelance-react-native-developer-toptal
Senior Software Engineer,WellSKy,USA,https://remoteok.io/remote-jobs/86175-remote-senior-software-engineer-wellsky
Senior Frontend Developer,Likvido,Worldwide,https://remoteok.io/remote-jobs/85720-remote-senior-frontend-developer-likvido
Freelance React Developer ‚Äì,Toptal,Worldwide,https://remoteok.io/remote-jobs/85697-remote-freelance-react-developer-remote-toptal
Teaching Assistant for Programming,McLaren College,Worldwide,https://remoteok.io/remote-jobs/85592-remote-teaching-assistant-for-programming-mclaren-college
Freelance Node.js Developer ‚Äì,Toptal,Worldwide,https://remoteok.io/remote-jobs/85491-remote-freelance-node-js-developer-remote-toptal
Senior Web Developer - Full Stack,Smartbridge AG,Worldwide,https://remoteok.io/remote-jobs/85443-remote-senior-web-developer-full-stack-smartbridge-ag
Freelance Vue.js Developer ‚Äì,Toptal,Worldwide,https://remoteok.io/remote-jobs/85407-remote-freelance-vue-js-developer-remote-toptal
Ruby on Rails Developer,PipelineDeals,Worldwide (GMT-8 to GMT+2),https://remoteok.io/remote-jobs/85401-remote-ruby-on-rails-developer-pipelinedeals
Software Developer,Ollie Order,CA-only,https://remoteok.io/remote-jobs/85395-remote-software-developer-ollie-order
Online Teacher of Software Development,McLaren College,Worldwide,https://remoteok.io/remote-jobs/85391-remote-online-teacher-of-software-development-mclaren-college
Senior PHP Developer,"Defiant, Inc.","UK, Canada, United States, Australia, or New Zealand",https://remoteok.io/remote-jobs/85384-remote-senior-php-developer-defiant-inc
Javascript/html5/canvas Charts Developer,Jigsaw Trading,Worldwide,https://remoteok.io/remote-jobs/85373-remote-javascript-html5-canvas-charts-developer-jigsaw-trading
Javascript Developer,The Night Sky,Worldwide,https://remoteok.io/remote-jobs/85341-remote-javascript-developer-the-night-sky
Front-end React.js Developer,RemoteLeads,Worldwide,https://remoteok.io/remote-jobs/84283-remote-front-end-react-js-developer-remoteleads
Software Engineer (full Stack),Simple Poll,Worldwide,https://remoteok.io/remote-jobs/85261-remote-software-engineer-full-stack-simple-poll
Senior Full Stack Web Developer,HoloMeeting,Europe & US,https://remoteok.io/remote-jobs/85219-remote-senior-full-stack-web-developer-holomeeting
Developingpanel,Social Media Marketing,Worldwide,https://remoteok.io/remote-jobs/85036-remote-developingpanel-social-media-marketing
Mid-weight Frontend Developer,ubio,Europe/UK,https://remoteok.io/remote-jobs/84904-remote-mid-weight-frontend-developer-ubio
Wordpress Support Engineer,BuddyBoss,Worldwide,https://remoteok.io/remote-jobs/84876-remote-wordpress-support-engineer-buddyboss
Front-end Developer,InReach Ventures,"Italy, Portugal or UK",https://remoteok.io/remote-jobs/84870-remote-front-end-developer-inreach-ventures
Full Stack Developer,Uprise,Worldwide,https://remoteok.io/remote-jobs/84843-remote-full-stack-developer-uprise
Frontend Developer - React/redux,IDEX Innovation,Worldwide,https://remoteok.io/remote-jobs/84809-remote-frontend-developer-react-redux-idex-innovation
React Native Mobile App Developer,BuddyBoss,Worldwide,https://remoteok.io/remote-jobs/84690-remote-react-native-mobile-app-developer-buddyboss
Senior Full Stack Developer,Bitbond,"Europe, Africa",https://remoteok.io/remote-jobs/84641-remote-senior-full-stack-developer-bitbond
Full Stack Developer,Castr,Worldwide,https://remoteok.io/remote-jobs/84597-remote-full-stack-developer-castr
Senior PHP / Wordpress Plugin Developer,WP White Security,Worldwide,https://remoteok.io/remote-jobs/84508-remote-senior-php-wordpress-plugin-developer-wp-white-security
Web Designer & Developer,Winn-Brown & Co.,Worldwide,https://remoteok.io/remote-jobs/84449-remote-web-designer-developer-winn-brown-co
Senior Front-end Developer for Likvido,Likvido,Worldwide,https://remoteok.io/remote-jobs/84432-remote-senior-front-end-developer-for-likvido-likvido
Senior Software Engineer (.net/react),Eedi (a LEGO backed startup),UK,https://remoteok.io/remote-jobs/84371-remote-senior-software-engineer-net-react-eedi-a-lego-backed-startup
Software Engineer,Commsor,Worldwide,https://remoteok.io/remote-jobs/84335-remote-software-engineer-commsor
Wordpress Developer (php/js/react),Dashwork Studio Pvt. Ltd.,India,https://remoteok.io/remote-jobs/84301-remote-wordpress-developer-php-js-react-dashwork-studio-pvt-ltd
Full Stack Developer,Airofit,EU-only,https://remoteok.io/remote-jobs/84277-remote-full-stack-developer-airofit
Senior Front End Developer,Remotesome,Worldwide,https://remoteok.io/remote-jobs/84273-remote-senior-front-end-developer-remotesome
Javascript Developer,RemoteLeads,Worldwide,https://remoteok.io/remote-jobs/84253-remote-javascript-developer-remoteleads
Java / Salesforce Developer,AZASSI,Worldwide,https://remoteok.io/remote-jobs/84217-remote-java-salesforce-developer-azassi
Lead Developer,Professional Insight,United States,https://remoteok.io/remote-jobs/84193-remote-lead-developer-professional-insight
Frontend Developer (vue.js + Asp.net),TestDome,Worldwide,https://remoteok.io/remote-jobs/84183-remote-frontend-developer-vue-js-asp-net-testdome
Software Engineer,"Libera, Inc.",Worldwide,https://remoteok.io/remote-jobs/84155-remote-software-engineer-libera-inc
Ruby-on-rails Software Developer,Tyne Solutions,Asia,https://remoteok.io/remote-jobs/84136-remote-ruby-on-rails-software-developer-tyne-solutions
Web UI Engineer,Brainscape,Worldwide,https://remoteok.io/remote-jobs/84045-remote-web-ui-engineer-brainscape
Sugarcrm Developer,Upsert,US-only,https://remoteok.io/remote-jobs/84021-remote-sugarcrm-developer-upsert
Senior Software Engineer - Frontend,Athenian,Worldwide,https://remoteok.io/remote-jobs/84019-remote-senior-software-engineer-frontend-athenian
Full Stack Javascript Developer,NM,US/ EU,https://remoteok.io/remote-jobs/83998-remote-full-stack-javascript-developer-nm
Node.js Developer,Savvy Apps,U.S.,https://remoteok.io/remote-jobs/83994-remote-node-js-developer-savvy-apps
Freelance/student Backend Developer,Queue,Worldwide,https://remoteok.io/remote-jobs/83959-remote-freelance-student-backend-developer-queue
Frontend Developer,TidyHQ,Australian timezone (so anywhere in Asia is fine),https://remoteok.io/remote-jobs/83934-remote-frontend-developer-tidyhq
"Senior Software Engineer, Mobile",Fresh Tri,US-only,https://remoteok.io/remote-jobs/83876-remote-senior-software-engineer-mobile-fresh-tri
Software Developer (php),Frontify,Worldwide,https://remoteok.io/remote-jobs/83850-remote-software-developer-php-frontify
Full-stack Developer,Frontify,Worldwide,https://remoteok.io/remote-jobs/83852-remote-full-stack-developer-frontify
Senior Software Engineer (m/f/d),MVPF,EU-only,https://remoteok.io/remote-jobs/83678-remote-senior-software-engineer-m-f-d-mvpf
Part-time React Native Developer,Chop Dawg,US-only,https://remoteok.io/remote-jobs/83579-remote-part-time-react-native-developer-chop-dawg
Software Engineer (react),Praxent,US-only,https://remoteok.io/remote-jobs/83547-remote-software-engineer-react-praxent
Software Engineering Manager,Praxent,US-only,https://remoteok.io/remote-jobs/83521-remote-software-engineering-manager-praxent
Senior Front-end Developer,Likvido.com,Worldwide,https://remoteok.io/remote-jobs/83260-remote-senior-front-end-developer-likvido-com
Full Stack Developer for UK Saas Startup,Endorsal.io,+/- 6 hours of GMT,https://remoteok.io/remote-jobs/83110-remote-full-stack-developer-for-uk-saas-startup-endorsal-io
"Software Engineer, Web",Numbrs Personal Finance AG,Worldwide,https://remoteok.io/remote-jobs/83104-remote-software-engineer-web-remote-numbrs-personal-finance-ag
"Senior Javascript Developer, Vuejs",etg24 GmbH,"Europe, Germany pereferred",https://remoteok.io/remote-jobs/83044-remote-senior-javascript-developer-vuejs-etg24-gmbh
Back End Developer,Interconnect Technologies,Worldwide,https://remoteok.io/remote-jobs/83042-remote-back-end-developer-interconnect-technologies
"Javascript Developer (react, Redux)",WIREWAX,London,https://remoteok.io/remote-jobs/79845-remote-javascript-developer-react-redux-wirewax
Experienced Software QA Tester (france),Saagie,France,https://remoteok.io/remote-jobs/77190-remote-experienced-software-qa-tester-france-saagie
Javascript (react) Software Engineer,Prospect,Worldwide,https://remoteok.io/remote-jobs/77153-remote-javascript-react-software-engineer-prospect
Meteor Developer,WebBlind,"Watertown, NY, United States",https://remoteok.io/remote-jobs/77122-remote-meteor-developer-webblind
Full Stack Developer (python),REPAY,US-only,https://remoteok.io/remote-jobs/77035-remote-full-stack-developer-python-repay
Software Engineer,Northflank,London,https://remoteok.io/remote-jobs/77016-remote-software-engineer-northflank
Software Engineer - Web Product Owner,IPinfo.io,Worldwide,https://remoteok.io/remote-jobs/76980-remote-software-engineer-web-product-owner-ipinfo-io
Senior Full Stack Developer,Quimbee,Worldwide,https://remoteok.io/remote-jobs/76972-remote-senior-full-stack-developer-quimbee
Sr UI Engineer / Typescript / React,Accord,Eastern Europe / US (Min 4h overlap with PT),https://remoteok.io/remote-jobs/76921-remote-sr-ui-engineer-typescript-react-accord
Frontend Developer,MOZN,Anywhere within (GMT+2 to GMT+7),https://remoteok.io/remote-jobs/76917-remote-frontend-developer-mozn
